Noise,h,State variable,Smoothing,Residuals,Standard deviation,Variance,Lag-1 AC,Lag-2 AC,Lag-3 AC,Coefficient of variation,Skewness,Kurtosis,Smax
add,0.15,0.8239241397834045,0.8192332085219867,0.004690931261417841,0.008992064417547801,8.085722248932928e-05,0.5030158251124811,0.2128466131696887,0.1093937304952748,0.010976179623587122,-0.010527889542152395,-0.12126292255771398,4.358263940769439e-06
add,0.151,0.8247353674213619,0.8189829664216932,0.005752400999668672,0.00872894881082978,7.619454734208665e-05,0.5451102782217416,0.2678457601757616,0.17263043036621872,0.01065843654568378,-0.05783935003656236,-0.45234723950054523,5.859980056830882e-06
add,0.152,0.8143619681824656,0.8176509099906758,-0.003288941808210155,0.008358223465711839,6.985989950277603e-05,0.4860238604646452,0.22876711479747414,0.1347591081992045,0.010222225011644158,0.15987409462642171,0.17348684179637908,4.3139960690720416e-06
add,0.153,0.8322817581401534,0.8145350165832037,0.017746741556949663,0.008421634232184056,7.092392314069432e-05,0.5010156534025186,0.2705885777393802,0.10601359895168548,0.010339197963937138,0.08669213313161866,0.012082086261194724,3.991459038282871e-06
add,0.154,0.8117502358460033,0.8130677461509003,-0.0013175103048970183,0.008774993243530042,7.700050642399789e-05,0.527517635475143,0.272434115025095,0.14280560936918316,0.01079247151610541,-0.08210981538911392,0.1608962996660295,4.494593498467416e-06
add,0.155,0.8019994887961602,0.8117971580362845,-0.009797669240124263,0.008474195220873332,7.181198464147242e-05,0.48068431079578683,0.20260125265027804,0.06517584682915109,0.010438788048227107,0.0152398928602847,0.1925980406588015,3.864235976690799e-06
add,0.156,0.7997408145614503,0.8117832693317151,-0.012042454770264777,0.008618992054493667,7.428702403542495e-05,0.5295566757807453,0.2800588770137991,0.15246606834623364,0.010617413405788966,0.01688978053349108,-0.13008517318590887,4.257500619037806e-06
add,0.157,0.8145323327386096,0.8088520525749163,0.005680280163693263,0.009164967908118878,8.399663675684894e-05,0.5461244440737847,0.2974555719808765,0.1905993792015265,0.011330755993525387,-0.12061790526877728,-0.15355950673341404,5.210625666970263e-06
add,0.158,0.8019250413081911,0.8072877843589495,-0.005362743050758456,0.008967397544232753,8.041421871631162e-05,0.5269422968888534,0.24984303602778582,0.10511488456961326,0.011107977802846026,-0.09425896502745935,0.020303806191860313,4.5094228618666e-06
add,0.159,0.7991475621168879,0.8057307894568562,-0.0065832273399683006,0.009309693967015378,8.667040175948254e-05,0.5476139785011941,0.29045473739592725,0.14404197670269417,0.011554244671458195,0.016289712985256884,-0.23971208031435753,5.231530266414236e-06
add,0.16,0.8052693872907412,0.8047091371667465,0.0005602501239946323,0.009022654677997767,8.140829743839499e-05,0.5349980148576383,0.27244569761921017,0.16236186635471062,0.0112122428506499,-0.047967910332677666,-0.06210180292278026,5.602535989583052e-06
add,0.161,0.8063863078731823,0.8019984680751329,0.004387839798049464,0.008983407529034674,8.070161083271686e-05,0.5507419407326187,0.2983776410474545,0.19806291662160555,0.011201203115369382,-0.0008731478868685087,0.023991094690944924,6.646491094281282e-06
add,0.162,0.791835766667014,0.8014875330330499,-0.009651766366035819,0.009168917490667583,8.406904795066995e-05,0.5313166838414976,0.30338852056363946,0.18285701172952712,0.011440001416525522,0.024237186111629457,-0.20540260987631828,5.66815991629015e-06
add,0.163,0.799043121932375,0.7986340239841534,0.00040909794822163725,0.008894771894293059,7.911696705150575e-05,0.529138320744382,0.24525647548727506,0.11507684782284298,0.011137592402349865,-0.0836811770605504,0.330675721582181,4.6363975986337705e-06
add,0.164,0.7909680882743007,0.7980403979926535,-0.0070723097183528205,0.009059178209277251,8.206870982744377e-05,0.5122775661252885,0.27007117810038955,0.17326978967469123,0.011351746015267497,-0.022102916862951138,-0.018876576264792205,4.662900689845042e-06
add,0.165,0.7958147874563437,0.7956535255605882,0.00016126189575549343,0.008957596858149924,8.02385414731374e-05,0.4946237503234375,0.2517259609631415,0.08872524391683806,0.01125824958235331,-0.013158574975687676,-0.11901722007462744,4.411242027404369e-06
add,0.166,0.8171457287509988,0.7941556178614171,0.022990110889581694,0.009064598319148425,8.216694268750844e-05,0.5569954652541657,0.3074814605871546,0.20298161793813219,0.01141411199166902,-0.18562010889234362,0.10561458961885208,5.132848890448575e-06
add,0.167,0.7928920847787727,0.7924389703784387,0.0004531144003340204,0.009146739023694266,8.366283476757153e-05,0.5369146453928327,0.27117609269091425,0.16311996323736086,0.011542510664199732,-0.004618897127674767,0.012740223727717957,5.183010333376954e-06
add,0.168,0.7994089932053755,0.7900623996660235,0.009346593539351966,0.009206478497642152,8.47592463275473e-05,0.5540025714704517,0.2852516472657057,0.11810776745993079,0.011652838507754639,0.0006517304127517232,0.003218722023703308,6.004884619990043e-06
add,0.169,0.7997927155139659,0.7889706702723404,0.010822045241625555,0.009130438297912382,8.336490351198514e-05,0.5251589477645865,0.26944976020172834,0.1113393871551417,0.011572603629474345,-0.038239315889935246,-0.2300441168145908,4.944301712327924e-06
add,0.17,0.7931486719079542,0.7872503779088577,0.005898293999096582,0.00906343309348625,8.214581944010173e-05,0.5534853123581901,0.293693615373333,0.1876699371041218,0.011512697256938723,-0.008726653776666505,-0.09438595475780667,5.6918689020478766e-06
add,0.171,0.7766335332918116,0.7865601306362809,-0.009926597344469323,0.009470819829854456,8.969642824956438e-05,0.5605673900032634,0.3310694851244839,0.15703075590632296,0.0120407611510301,-0.047510053173179245,-0.05542966310834595,5.774505694645489e-06
add,0.17200000000000001,0.7835608171011332,0.7839466454537005,-0.00038582835256728565,0.008924006335140976,7.963788906963628e-05,0.5341117134795867,0.2657068351271866,0.08488121063721449,0.011383302850844134,0.02617803732103111,-0.12250196867057866,4.5224431172467175e-06
add,0.17300000000000001,0.7828945598619013,0.7820040138475657,0.0008905460143355803,0.009276246529239817,8.604874967123376e-05,0.5736788404295932,0.3636585277864055,0.2738278374665755,0.011862053740285053,-0.21248196323177365,0.22795871904045514,6.221326204218419e-06
add,0.17400000000000002,0.7739502572304401,0.7801009785162129,-0.0061507212857727644,0.009373661318164127,8.786552650764643e-05,0.5655652067561202,0.3015608385967052,0.1680574747571908,0.012015860186294506,-0.05490661854182946,0.01149570066899508,6.534878021957296e-06
add,0.17500000000000002,0.7711278205666366,0.7796819951212391,-0.0085541745546025,0.00948077616235205,8.988511664062287e-05,0.5813490621045577,0.34056913035052555,0.1866456185721827,0.012159786992603153,-0.12803704223475848,-0.0605223151258804,6.512476183409458e-06
add,0.17600000000000002,0.7872663972508306,0.7771596430610292,0.010106754189801337,0.008776284824805481,7.702317532611098e-05,0.5290262661985894,0.22394290952063087,0.07695492603803106,0.011292804354413221,-0.06902743346410575,0.14742974424835004,3.7528270105316786e-06
add,0.17700000000000002,0.7678742068635057,0.775050431494895,-0.0071762246313893385,0.009545628030758207,9.111901450159682e-05,0.6092820801101316,0.3621224035017747,0.24978175802556146,0.012316306751306103,0.04476638590358503,-0.1772411472652945,8.602736555471811e-06
add,0.17800000000000002,0.7891721733712657,0.7738845534810198,0.015287619890245852,0.009442877442264422,8.916793438962628e-05,0.5739731587197507,0.3052793088724934,0.14923191261491037,0.01220179573990316,0.008938595497498323,-0.03028908001641032,5.564019189580886e-06
add,0.17900000000000002,0.7685680242827291,0.7718666665735229,-0.0032986422907937962,0.009122005827946091,8.321099032508244e-05,0.5242135096468784,0.3044001049660049,0.18154519529320953,0.011818137897982358,-0.0027578203275226854,-0.1145739973191493,5.841275008073996e-06
add,0.18000000000000002,0.7674069129496466,0.7690207341697198,-0.0016138212200732527,0.009182298914732996,8.431461335950675e-05,0.5428916262591952,0.24531087487040346,0.10423528091939427,0.011940296618058798,0.04857610047695475,-0.16633737780759936,5.03790310009292e-06
add,0.18100000000000002,0.7557860804447144,0.7672334870684631,-0.011447406623748657,0.009664833883484143,9.340901399534319e-05,0.5671804575547732,0.3237127486688764,0.1747494749132897,0.0125968359016259,-0.06814412599165023,-0.01629024449411132,6.849435364612185e-06
add,0.18200000000000002,0.7464275013683398,0.7664166993054062,-0.01998919793706644,0.009487449430257687,9.00116966916969e-05,0.5733133363483521,0.3470057850386116,0.22788958641837356,0.012378887923841278,-0.09366872421998919,0.11291373075600826,5.5194759751617825e-06
add,0.18300000000000002,0.760674132764122,0.765501330231172,-0.0048271974670499596,0.00974498196836139,9.496467356368865e-05,0.5729554595501453,0.3430010515361449,0.23128315942176536,0.012730134941106988,-0.14197461168341996,0.02731174665710104,5.968072742880591e-06
add,0.18400000000000002,0.7590004554582208,0.7634264764198432,-0.004426020961622368,0.009898889770336112,9.798801868526492e-05,0.5891672943951328,0.37256430411132757,0.2505195103599353,0.012966574265271065,-0.15524084811422834,-0.056616807929231565,6.241928796212232e-06
add,0.18500000000000003,0.759472098725205,0.7619729653104312,-0.0025008665852261913,0.00923321911102893,8.525233515226986e-05,0.5059651567034693,0.24114489489199928,0.1355599081878862,0.012117401442893689,-0.1222546614716096,-0.06484277264539626,5.271252984100257e-06
add,0.18600000000000003,0.7699549519550678,0.7586340371839376,0.011320914771130175,0.009563195801359222,9.145471393513464e-05,0.5475337434802565,0.3030925802304751,0.14609839759707527,0.012605878102644042,-0.008779675720562426,0.11493470438048362,6.781822147692527e-06
add,0.18700000000000003,0.7608665312863094,0.7571828762412188,0.003683655045090606,0.009581682690236714,9.180864317638189e-05,0.550100545545507,0.2894637838815271,0.1408214921115976,0.012654470725376636,0.050863972769477225,-0.14920122948159353,5.196086870713648e-06
add,0.18800000000000003,0.7622443597678393,0.755330690260095,0.006913669507744302,0.01007103693794479,0.00010142578500544837,0.5907540961048828,0.3629686418309825,0.19011006693665808,0.013333434125640267,0.1261273477522727,-0.05089507336390805,6.699414742334967e-06
add,0.18900000000000003,0.7680138749442064,0.7536024340946655,0.014411440849540824,0.010215410857896665,0.00010435461899563307,0.6144741693320982,0.3538447120940281,0.21765129386729068,0.013555494189423672,-0.0919488008543993,-0.012791318044615852,8.043365687329348e-06
add,0.19000000000000003,0.7548567804297331,0.7514536928070221,0.0034030876227110207,0.009483429151829915,8.993542847777744e-05,0.5494523202553975,0.2878199618573206,0.1216018105773861,0.012620241619451621,0.08915588929379166,0.08464010346474822,5.2396173238153014e-06
add,0.19100000000000003,0.7547518102357019,0.7490127043988198,0.005739105836882086,0.009968930971279483,9.937958471013529e-05,0.6069983687803133,0.33757304891817,0.17033198067438593,0.013309365095102475,0.031036183675088223,0.07133962757843426,7.326849215379232e-06
add,0.19200000000000003,0.7314884000780072,0.7468943960146751,-0.015405995936667916,0.00973483506593441,9.47670137609462e-05,0.5824553585436801,0.3426681358946976,0.20010623792791132,0.013033577224388445,-0.012816249752377235,-0.28932682689153,6.2362435273534945e-06
add,0.19300000000000003,0.7416534615167575,0.7458660498612887,-0.0042125883445311985,0.010016154545121045,0.00010032335187174895,0.5991022893400949,0.3850988633903135,0.23281451206688833,0.013428971699010186,-0.046413190128108205,-0.3009324908634953,8.888194773154087e-06
add,0.19400000000000003,0.7325755771527365,0.7426807404677084,-0.01010516331497191,0.009807318575777841,9.61834976467971e-05,0.5933700103766262,0.35747910554096596,0.2141145176119124,0.013205187981228479,-0.08741119559288921,0.0867336156039024,6.610572798112285e-06
add,0.19500000000000003,0.7356294024784849,0.7402720719987981,-0.004642669520313225,0.010304804394367047,0.0001061889936061664,0.6381778006409371,0.40887704518453327,0.24232089903288254,0.013920483717424516,0.08037488903015567,-0.11177501690420845,7.974759125190382e-06
add,0.19600000000000004,0.7449669011088305,0.7395734625658632,0.005393438542967255,0.010124424031665543,0.00010250396197296677,0.6329570815285109,0.42228486702023305,0.2783417836808926,0.0136895922419356,-0.04702539943904545,0.00626565033899036,8.31530862487867e-06
add,0.19700000000000004,0.751046992372193,0.7373368571568096,0.013710135215383334,0.010306267590995356,0.00010621915165720124,0.610100135469411,0.394196442268667,0.27827732674621214,0.01397794397063044,0.11768312756651428,0.06114346407077353,8.434757147523913e-06
add,0.19800000000000004,0.7373391538738026,0.7359024853444991,0.0014366685293034642,0.010196715842131063,0.00010397301396516659,0.619289144034431,0.39421210311423427,0.2427204834549808,0.013856207420824595,0.016048538845040608,0.14248451515545435,7.464213509242592e-06
add,0.19900000000000004,0.7369693371946332,0.7337246256245924,0.0032447115700408036,0.009879891460669596,9.7612255274612e-05,0.6266160129312381,0.4111968699652445,0.26507168793797925,0.013465191696188754,0.0093590905569454,-0.0040471979163479105,7.264274281878283e-06
add,0.20000000000000004,0.7207293653004732,0.7311872291908453,-0.010457863890372177,0.010479111859815711,0.0001098117853705303,0.6194281379040918,0.4034946548240639,0.27833343814214345,0.014331497117450995,-0.08548921134739679,-0.1264437715702765,9.170615342645162e-06
add,0.20100000000000004,0.7367678531644405,0.7287241123576697,0.008043740806770838,0.010875471020693377,0.00011827586992194145,0.6636585785274375,0.4419059004167646,0.31916242460492866,0.014923984382065924,-0.03867486708521997,-0.1594671446914126,1.1431587638681945e-05
add,0.20200000000000004,0.7303453061041714,0.7281840366692852,0.0021612694348861483,0.010180067934045215,0.00010363378314177563,0.6078127023793536,0.34582374839761015,0.20973932707583745,0.013979869812979275,-0.12250960291620848,-0.03510354858195933,6.894677637776934e-06
add,0.20300000000000004,0.722815583868632,0.7259403257192971,-0.003124741850665136,0.010592251805692957,0.00011219579831520571,0.6459600915471754,0.42486329200602335,0.29140822124965354,0.014591172044645944,0.04915835761191852,0.18459253470538672,7.636961470165248e-06
add,0.20400000000000004,0.7234886357203183,0.7228896190063346,0.0005990167139836577,0.01002357884867532,0.00010047213293561123,0.5860223126774773,0.34421881917842423,0.1780427961697535,0.013865897261260572,0.10251041453646517,0.030024763290442652,6.830396737926335e-06
add,0.20500000000000004,0.7228766802343496,0.7205608092434341,0.0023158709909154584,0.01020534894714319,0.00010414914713295661,0.6357774762043741,0.4274065920412328,0.30790408427395727,0.014163008829754178,-0.03575484544650198,0.04299082573777471,1.0639919291766928e-05
add,0.20600000000000004,0.7107447223994793,0.7186640163714136,-0.00791929397193436,0.011334292474375346,0.00012846618589468158,0.6774335967133239,0.4577637441180526,0.3118809729140687,0.01577138371255998,-0.15571369036526217,-0.14820518526175794,1.3602212115874935e-05
add,0.20700000000000005,0.7201057783710663,0.7161105073854162,0.003995270985650112,0.010725157494106505,0.00011502900327338894,0.625708854417196,0.4073701823067803,0.28257889389721214,0.014976907924031037,0.006735540790270897,-0.2688194962644884,9.023726701929247e-06
add,0.20800000000000005,0.7018060684392254,0.7141800817571162,-0.012374013317890786,0.010455277950796102,0.00010931283702840316,0.6463127221359685,0.4199920606747284,0.25852240212135347,0.014639563653057696,0.004074320704067981,0.08129110260166575,8.396692832857143e-06
add,0.20900000000000005,0.7254496795148518,0.7107486113035376,0.014701068211314228,0.010974689712610999,0.00012044381428808969,0.647063435391759,0.3939479169113169,0.2115561395287222,0.015440961712087154,-0.1441715288445715,-0.1251057314460403,9.288883165705513e-06
add,0.21000000000000005,0.7131076610159948,0.709208338392519,0.0038993226234758094,0.010400511553398615,0.00010817064057237808,0.6162249453083913,0.38702853656556263,0.22971633233331698,0.014665033149470527,-0.18050319991914698,-0.08004154999439982,9.004855968119811e-06
add,0.21100000000000005,0.7039406018610549,0.7073963163777729,-0.0034557145167180003,0.010493693334442921,0.00011011759979733179,0.6378634238644989,0.38983368027289245,0.2211912435892911,0.014834231619418433,0.07385524915309065,-0.20322518079508925,8.79495083856431e-06
add,0.21200000000000005,0.6966894313625118,0.7052827053686441,-0.008593274006132301,0.010682889521870279,0.00011412412853648581,0.6645397567505205,0.40662751686585286,0.23730191089999061,0.015147030077858715,-0.003939680870619892,-0.18638386263770476,9.030762525530899e-06
add,0.21300000000000005,0.7101217395290141,0.7038428174779492,0.00627892205106495,0.011215744110473994,0.0001257929159516321,0.673180363959495,0.4300437936355313,0.29186410908099086,0.015934780725078906,-0.10832895593680965,0.13241198460071624,1.1966754670676042e-05
add,0.21400000000000005,0.6960958922534761,0.700675771354753,-0.004579879101276885,0.010755159667044574,0.00011567345946362237,0.6731049622503776,0.4517900411371845,0.27501457268028257,0.015349907231293706,0.025101859048725295,-0.23523571949716243,7.761175163743837e-06
add,0.21500000000000005,0.7086365203608427,0.698499023610568,0.010137496750274644,0.010522947824360508,0.00011073243091421356,0.6292283729257175,0.39101183923130367,0.23840462421057024,0.01506528930445932,-0.03209432118357796,-0.1703711125896737,8.765904776937918e-06
add,0.21600000000000005,0.6744741681714754,0.6966380081256084,-0.022163839954132958,0.011234491922975876,0.00012621380876741019,0.6516629222706064,0.40246232341999116,0.24246112623693616,0.016126935972820052,-0.17286606766839757,0.5566422307761136,9.000660754669128e-06
add,0.21700000000000005,0.6906436177613402,0.6944871078246645,-0.003843490063324295,0.011111205948220019,0.00012345889762375994,0.6512778803901788,0.4213242289781929,0.24905934297813134,0.015999193042552807,0.01806931965802418,0.20915112670342698,8.52426398998461e-06
add,0.21800000000000005,0.6879330450842706,0.6902999626891274,-0.002366917604856855,0.012341802715865751,0.00015232009427735123,0.7282818547805245,0.5011650004390817,0.34057909514537593,0.017878936315018072,0.034158795799820396,-0.10054525055148557,1.4499542474749262e-05
add,0.21900000000000006,0.6769098955970362,0.6888726025457023,-0.01196270694866608,0.011110880084824732,0.00012345165625935484,0.6565889285669025,0.4103493201540804,0.25737706034003754,0.016129339970532213,-0.14351888431532933,-0.21067231258969302,1.0800551222975745e-05
add,0.22000000000000006,0.6868355342380839,0.6856149372190808,0.0012205970190030113,0.011403430603379552,0.00013003822952609333,0.692625706725576,0.4806491931415058,0.3537548445763115,0.016632463343994524,0.1277949716681402,0.0483564496423196,1.1216781605533619e-05
add,0.22100000000000006,0.6819388043679072,0.6840635863023774,-0.002124781934470188,0.012214287848138746,0.00014918882763718982,0.6999738953530567,0.4777503316495553,0.3183906387524211,0.01785537065749065,0.059689914780920755,0.05563594830664344,1.2606123060462265e-05
add,0.22200000000000006,0.6809428897236529,0.6803858329867557,0.0005570567368972101,0.011699944047460938,0.00013688869071371666,0.6959765873514487,0.5179866489045323,0.3740039700687839,0.017196437569343373,-0.10648302204898183,0.4073802238484866,1.2946671315547903e-05
add,0.22300000000000006,0.698528525917351,0.6775263874954001,0.021002138421950978,0.011342390168761244,0.00012864981474041171,0.6982856592000666,0.4692371935181868,0.2914008610974958,0.016741121469072657,-0.09964169573200524,-0.10341047295359604,1.2860372222283148e-05
add,0.22400000000000006,0.6614308476336882,0.6752134426667771,-0.013782595033088874,0.011270067247972627,0.0001270144157738253,0.6816676772411691,0.4393274872734953,0.28979148005156147,0.016690847453304496,0.05759594072920467,0.006926866990400112,1.3825959826318927e-05
add,0.22500000000000006,0.6828971848366292,0.6721377277170901,0.010759457119539073,0.011542825020406896,0.00013323680945173148,0.6820694119275604,0.48840494319064093,0.32429907884388404,0.017173381500914117,-0.046018604058691355,-0.3254826699089633,1.039557095383863e-05
add,0.22600000000000006,0.6698260320342636,0.6689130218331262,0.0009130102011374319,0.012065271064646218,0.00014557076586338929,0.7053297056657245,0.4722281599220449,0.3141139161815041,0.018037194083869904,0.010669112623178639,-0.013557261613673693,1.4919492139468862e-05
add,0.22700000000000006,0.6674092530824424,0.6667487050642689,0.0006605480181735013,0.011598976164326445,0.000134536248060613,0.6729356407527772,0.45202500592754397,0.28354068934586624,0.017396653975605705,-0.042253726126213254,-0.06988264827159525,1.1132312231108521e-05
add,0.22800000000000006,0.6713383875587792,0.663475456429492,0.007862931129287154,0.011833016396786857,0.0001400202770466266,0.6944572178527487,0.4810307745001467,0.32343724575518135,0.017835059257776755,-0.04532863659477296,-0.2491827716961468,1.2208192664241427e-05
add,0.22900000000000006,0.6499808290702863,0.66114351515894,-0.011162686088653673,0.013462502195304461,0.00018123896535857743,0.7443234724426067,0.547533162948672,0.40664216634720485,0.02036244984080111,-0.33323904990909003,0.579206047704693,1.498936532401662e-05
add,0.23000000000000007,0.6627750587666466,0.6579895075093841,0.004785551257262433,0.013021628826378728,0.00016956281729197745,0.734315086062753,0.5306945966415526,0.3884304430832396,0.01979007549713884,-0.16618046365706485,-0.30745929433577013,1.4569911091464408e-05
add,0.23100000000000007,0.6427347292451857,0.6531848918063174,-0.010450162561131737,0.012188071013314084,0.00014854907502558702,0.7250269382400663,0.5268641154323046,0.3982507935571407,0.018658973996074843,0.10386248410792884,-0.36494478556252663,1.513455777841566e-05
add,0.23200000000000007,0.6316293964170202,0.6517421519091247,-0.02011275549210445,0.012006338444274268,0.00014415216283845828,0.7080124028350556,0.5067577160164082,0.3593353911924532,0.01842221206229351,-0.06952100471730295,0.045788099793384295,1.3762798452454235e-05
add,0.23300000000000007,0.6562325554990298,0.6511932128775731,0.005039342621456666,0.012716073933459268,0.00016169853628120228,0.7246473983706435,0.5063177301109769,0.3757218069574937,0.01952703115643663,-0.05560867978507923,-0.1153540641770781,1.4892229120414928e-05
add,0.23400000000000007,0.6362374933389562,0.6458479708603664,-0.009610477521410199,0.01212225802524621,0.00014694913963064616,0.7036177530676098,0.4854323756945247,0.36864403775750343,0.018769540109653534,0.04766814109861624,-0.36402942853137554,1.534196980984893e-05
add,0.23500000000000007,0.6639046842956803,0.6423821315045287,0.02152255279115156,0.012975444396742145,0.00016836215729294714,0.7312819553334551,0.5182904766867187,0.36377128810891807,0.020199211584816874,0.008218102133441386,0.04061909233234267,1.6323988373839352e-05
add,0.23600000000000007,0.6614960082816929,0.6386045994674243,0.022891408814268543,0.013620058682712492,0.00018550599852053194,0.7615019187660179,0.5651061563678863,0.4327213271105434,0.021328250114744207,-0.1187559207935989,-0.3217472670980339,1.907278919612133e-05
add,0.23700000000000007,0.6298366409695266,0.6362853632348331,-0.006448722265306461,0.013209232540017988,0.00017448382429627007,0.751516888372162,0.5648603019813666,0.4236666299015129,0.020758997878105066,-0.049079433666457575,-0.1642141463309994,1.762168745029076e-05
add,0.23800000000000007,0.6346687345122506,0.6308126140275525,0.003856120484698078,0.013880759282171628,0.0001926754782495938,0.7676302399408204,0.5846042674678527,0.42543496087674015,0.022004969080360336,-0.026310793052934142,0.0038067846720808863,2.2365363791025695e-05
add,0.23900000000000007,0.6344696048311058,0.62914888465848,0.005320720172625859,0.013879574138864263,0.0001926425782762296,0.7647377097477718,0.5795082467969821,0.4167789810537123,0.02206077917610767,-0.16792034279660004,0.1188052972870999,1.9206961625605732e-05
add,0.24000000000000007,0.6366918021151341,0.6256498046702506,0.011041997444883545,0.012813722782321747,0.00016419149154219136,0.764534666000739,0.5835795775708685,0.4338152555107637,0.020480721706001754,-0.13221465940208468,0.09991414461785281,1.571748366203847e-05
add,0.24100000000000008,0.6162897109911221,0.6223302924379595,-0.00604058144683739,0.015518493124079713,0.0002408236288421093,0.8004047604465253,0.6545372204738584,0.5402786877324189,0.024936055447076142,-0.25971006859666546,0.6865597899479273,2.6020106154681835e-05
add,0.24200000000000008,0.6192045252909049,0.6176526020290335,0.0015519232618713685,0.014198359649156575,0.00020159341672679762,0.767169496105126,0.5915085330729497,0.47120928862336764,0.022987991282757914,-0.24049813649905627,0.10977741917352347,2.9384416902025636e-05
add,0.24300000000000008,0.6069470470370681,0.6138745223998586,-0.006927475362790481,0.015441153286053973,0.0002384292148034154,0.8010974535160584,0.6384780567874655,0.48988940077453796,0.025153135116262052,-0.34212160509167827,-0.021107459217153585,2.5669353462450767e-05
add,0.24400000000000008,0.6129198097683547,0.6107014668147269,0.002218342953627772,0.01568370351703915,0.0002459785560103862,0.8328222021043594,0.6907509072214988,0.5660272676053107,0.025681086665422088,-0.24604201518542437,0.1757221846150659,3.0221790071336178e-05
add,0.24500000000000008,0.61507648495226,0.6070859440838734,0.007990540868386575,0.014305674981577043,0.00020465233667851934,0.785831884724807,0.6257226070659129,0.5050587906433859,0.0235647749466494,-0.2442037636599385,0.06674096951873348,2.3729526695927262e-05
add,0.24600000000000008,0.6366551876353657,0.6047582021701471,0.031896985465218575,0.014073680470549072,0.00019806848198711434,0.7601785925804293,0.5780031503515172,0.4561219409375521,0.02327112028744797,-0.11895746710777022,-0.03433940286135509,1.9033247332517804e-05
add,0.24700000000000008,0.58787240009032,0.5995893679474749,-0.011716967857154814,0.015770255121064603,0.0002487009465834643,0.823911481010743,0.6879178048093076,0.5696752638327736,0.02630149264830434,-0.36080963073031286,0.5001122578803282,3.2305890636082425e-05
add,0.24800000000000008,0.596658817106817,0.5947521928822547,0.0019066242245623366,0.015363193100732114,0.00023602770225038283,0.8088103817811011,0.6597948459538093,0.5420106603536241,0.02583139701662537,0.010717335737146939,-0.10919665386275125,2.980768908286975e-05
add,0.24900000000000008,0.586659907302573,0.585325801425476,0.001334105877097036,0.01755932353326487,0.00030832984294586955,0.8466912611869895,0.6990349775276643,0.5783040336126841,0.02999852753971957,-0.14942560955809708,-0.31186079164257824,4.2108032038445794e-05
add,0.2500000000000001,0.6052135553865697,0.5824991492862951,0.022714406100274642,0.01679603414214957,0.00028210676290425405,0.8294984085181472,0.6989100367850927,0.5789656421790867,0.02883437360368702,-0.08220585469285305,-0.14698156014022676,4.2513434056661745e-05
add,0.2510000000000001,0.5560827513967616,0.5754817606274852,-0.019399009230723685,0.01655178523900822,0.00027396159459825033,0.824610522880565,0.6685554583413231,0.5383448490546748,0.028761008078147864,-0.15309731829626455,0.22957394230691217,4.29189784189781e-05
add,0.2520000000000001,0.5745955045084642,0.5720305661323215,0.002564938376142689,0.01621356482158992,0.0002628796842238982,0.8355369501106293,0.6956271761977303,0.5762271073015491,0.028343511196122044,0.029390275528423264,0.03752064110420803,3.576102989497742e-05
add,0.2530000000000001,0.6048186390591757,0.5654526066367522,0.039366032422423425,0.016661523818757303,0.00027760637596301697,0.8372916975710762,0.6959540291781303,0.5773116775047831,0.02946598093997114,-0.012488117526868996,0.12233643992419492,4.099999741952103e-05
add,0.2540000000000001,0.5607962843951813,0.56115293492813,-0.0003566505329487546,0.017515384688294954,0.00030678870077895733,0.8485734573723643,0.7175102888894145,0.6041427115505855,0.031213056421136542,-0.21780249416288233,-0.34364012131679517,4.488330363516501e-05
add,0.2550000000000001,0.5131874749295634,0.5526733103266686,-0.03948583539710515,0.018380661994791013,0.00033784873536675476,0.8716168308527689,0.7598383065100351,0.658545372580794,0.0332577864070372,0.008129312154614602,-0.4893700689719402,4.728197435804332e-05
add,0.2560000000000001,0.4973836949698802,0.5440160911306694,-0.04663239616078918,0.02171431002326513,0.0004715112597864725,0.9064138448802774,0.8208245310448242,0.7485042532342235,0.03991119636298772,-0.2454723370647686,-0.23567829786483896,9.833994033622107e-05
add,0.2570000000000001,0.5296978214718953,0.5360782834261136,-0.006380461954218375,0.023178824456748452,0.0005372579031967602,0.9095652738724536,0.8316652377092414,0.759139029582943,0.04324168018937435,-0.3181990045911946,0.19889617647109567,9.056601795858865e-05
add,0.2580000000000001,0.5660173517433905,0.5240997075027752,0.04191764424061528,0.024406182688366907,0.0005956617534179405,0.919629256422276,0.8521433956178764,0.7972933895464824,0.046567908016013376,-0.2570705122714505,-0.2094956212149515,0.00011884770617150455
add,0.2590000000000001,0.05152357732534817,0.13979297536527005,-0.08826939803992187,0.18474435505639533,0.03413047672520346,0.998680572585925,0.9974985459794964,0.9964004262031164,1.3093963795586117,1.380217005522785,-0.010593652220535323,0.00037641417134218186
add,0.2600000000000001,0.04379655634549672,0.04261014006120169,0.0011864162842950346,0.008928561678299475,7.971921364319795e-05,0.552647538260378,0.2662632373079096,0.15270418366898036,0.20960699907156427,-0.4383735631560741,0.3461421158567866,4.802242824591196e-06
add,0.2610000000000001,0.04006581873014331,0.042668703215658195,-0.002602884485514885,0.01858429729661457,0.0003453761060089556,0.8765563749070437,0.753419968264098,0.6100420230772452,0.43537704620271056,9.294873864350244,122.76862057659199,1.1675181298276385e-05
add,0.2620000000000001,0.03756384762154912,0.04313576744919082,-0.0055719198276417,0.008909157217804843,7.937308233156412e-05,0.5241246300053589,0.3182317404141737,0.18712973755484072,0.20654763215763375,-0.18521240228538338,0.23349670596312586,5.528561894674704e-06
add,0.2630000000000001,0.033983129342095124,0.04230731608443234,-0.008324186742337217,0.009723175679116099,9.454014528695483e-05,0.6043960311380449,0.3714161399408479,0.23313863373790952,0.22982736552331764,-0.47688424909567917,1.1398709808733176,5.374398335697339e-06
add,0.2640000000000001,0.05145622024500409,0.04312276520709331,0.008333455037910782,0.008601333378227096,7.398293588340357e-05,0.5100466840398408,0.2719302255562339,0.11557359027417693,0.19946824246797906,-0.4371845386592963,1.0474040089487564,4.412821245326316e-06
add,0.2650000000000001,0.023919883007972917,0.041676243553623316,-0.0177563605456504,0.00867739205669321,7.52971329055624e-05,0.516449652081236,0.24997753785231386,0.1092652541365768,0.20820220873448023,-0.10234317832762972,0.17268004002901666,4.776676236926223e-06
add,0.2660000000000001,0.049017298754859356,0.042286773477243154,0.006730525277616202,0.008799453400056645,7.743038013976844e-05,0.4928933998996825,0.25766966884596787,0.14425168773920416,0.20812170491159723,-0.6125310988307522,1.2611999006788732,3.3740505595707595e-06
add,0.2670000000000001,0.032486030650209226,0.041692824695584406,-0.00920679404537518,0.009160774362315778,8.391978691726206e-05,0.5622119835921245,0.30567963861978364,0.1531970886382775,0.2197062797505539,-0.3894605563309324,0.9027334940353363,5.062233838413909e-06
add,0.2680000000000001,0.040521407331896776,0.04008766295235071,0.000433744379546068,0.009413076865511787,8.86060160760332e-05,0.5964198603601781,0.4416882066751093,0.3112051042441029,0.2348083833567049,-0.525450159735667,0.8715565987730755,7.824046834705788e-06
add,0.26900000000000013,0.02382241707067501,0.040627890692446156,-0.016805473621771146,0.009600237121304889,9.216455278528037e-05,0.5771662966648955,0.3696611082503263,0.2688152635229424,0.2363327848713655,-0.45021687123158216,0.6172904524448131,7.435096181188315e-06
add,0.27000000000000013,0.04802822781873674,0.04026673711799328,0.007761490700743459,0.009179066651221287,8.425526458756276e-05,0.606279244528853,0.35128576007433615,0.2268635981620367,0.2278959001841928,-0.3487366907387396,0.49314296317649803,5.812738755745828e-06
multi,0.15,0.8089999504741371,0.8211715555174063,-0.012171605043269196,0.014077010797952816,0.00019816223300568017,0.5237666846432043,0.28261225101236775,0.14863436935301,0.017142543222395064,0.02200818500040569,-0.024719359814231522,1.151010715629383e-05
multi,0.151,0.8181960432385091,0.8165451501847686,0.0016508930537405542,0.014714486395239987,0.00021651610987570265,0.5407745776285887,0.2957764777220871,0.1472104039466248,0.018020614799392525,0.13280969709861634,-0.05377862155921501,1.3757837307448693e-05
multi,0.152,0.81679518069372,0.8160489428379147,0.0007462378558052984,0.014357279502520175,0.000206131474713486,0.5146055783588196,0.2617537595247563,0.10671329628220898,0.017593911418876024,-0.15422930913428548,-0.12526875639497523,1.165681207766843e-05
multi,0.153,0.8135509786043236,0.8141245855902594,-0.0005736069859357817,0.01449569703494182,0.00021012523252882107,0.5239852510538322,0.2421966249392007,0.12563573707726963,0.01780525367014826,0.028363510675680065,-0.10682393334192163,1.0089591438344095e-05
multi,0.154,0.8169670577092812,0.814199742966168,0.002767314743113203,0.014132684762740672,0.00019973277860300238,0.4519644357735619,0.2158378694604943,0.06520037418781124,0.0173577569894041,0.11546757662657248,0.09953526529191152,9.20990742510438e-06
multi,0.155,0.822514721800518,0.8119264803107208,0.010588241489797201,0.013859318486251824,0.00019208070890336157,0.5222917186148491,0.2522780896408461,0.10783881536628484,0.017069740787750292,-0.07413022452850719,-0.06985229649693053,1.162705462399748e-05
multi,0.156,0.8186351949775628,0.8105112041893063,0.00812399078825643,0.014033621352677333,0.0001969425282703212,0.4782045526913021,0.24364332889600915,0.09202223583363973,0.017314525815023785,0.07551197552995745,0.1296952429384538,1.1319608801289408e-05
multi,0.157,0.8086206736302328,0.8086594054627092,-3.873183247637968e-05,0.014213624087045322,0.00020202710968783496,0.5286238447440766,0.29535339784185516,0.16225752558843382,0.017576880760897935,-0.10053372936860762,-0.3783472218378166,1.173832710055068e-05
multi,0.158,0.8069106752950852,0.8064515481368535,0.00045912715823170913,0.01484761541206203,0.00022045168342450192,0.5861471366865442,0.3133378672079787,0.17199421459564404,0.01841098577186019,0.02223544976583225,-0.09673830943987029,1.654023423845884e-05
multi,0.159,0.8289994203484117,0.803640742033561,0.025358678314850724,0.014851394458139832,0.00022056391735126652,0.5533110811180947,0.3237538084792932,0.19478598562269772,0.018480401010119937,-0.09818130478790245,0.1799420742630203,1.2620562066768395e-05
multi,0.16,0.8150041001782109,0.8040673243300113,0.010936775848199631,0.014192756427008096,0.00020143433499637963,0.5490089290948879,0.32443033620994016,0.1812957935986323,0.017650998418579852,-0.26237534561667325,0.30516337853221204,1.496275273791147e-05
multi,0.161,0.7932968225292892,0.8028174384372155,-0.0095206159079263,0.015440489450621028,0.00023840871447473928,0.5527824651533935,0.30074837652829134,0.17362757925455335,0.019233011939971616,-0.07029324678556625,0.028165047065683835,1.6526959216870146e-05
multi,0.162,0.8117733646402547,0.8009505647261856,0.010822799914069092,0.015667085251667948,0.0002454575602830313,0.5755538545762287,0.3527183399396663,0.24192180209128547,0.019561101894888116,0.16707973894023162,-0.02653101295236616,1.8071997251548735e-05
multi,0.163,0.8023544951730718,0.7987008996353768,0.0036535955376949536,0.014777212618470849,0.00021836601277149407,0.520706552220342,0.28570767843677003,0.15603668114724625,0.01850135299778424,0.07189564554529167,-0.23511595025724766,1.3152700510275357e-05
multi,0.164,0.8187198820813965,0.7966418661231104,0.022078015958286068,0.014889471048265981,0.00022169634809715086,0.5390278436914603,0.28663671057856294,0.1327248258111058,0.018690393263512312,0.11636971263972189,-0.18798591981903132,1.4611993673174343e-05
multi,0.165,0.7968738761871683,0.7966497858416327,0.00022409034553561025,0.013883336371905131,0.00019274702881546393,0.5171680533597773,0.27921508887368085,0.17605258328921872,0.01742705059006013,-0.0018297156411575806,0.03682691985417112,1.4456113375367766e-05
multi,0.166,0.7858942066931021,0.7933026392263464,-0.007408432533244302,0.015168102104324128,0.00023007132144720207,0.5802626235424081,0.32626219467107553,0.14754567335657476,0.019120477613458815,-0.0610399638855196,-0.1168000838872619,1.403401555266643e-05
multi,0.167,0.797191612369237,0.7925238868481773,0.004667725521059651,0.014620567426207433,0.00021376099186427787,0.525010027109688,0.22868134888187594,0.13257571737516846,0.018447960573963255,0.02279279374717318,-0.1549013815467496,1.5674285689886173e-05
multi,0.168,0.7943244384082893,0.7899088463285067,0.004415592079782593,0.014125082392223577,0.00019951795258710454,0.5009117914025113,0.2423723364817874,0.12001105777744586,0.017881895278579536,0.024468551180343495,0.13223754430037432,1.3379708399894355e-05
multi,0.169,0.781783075936822,0.7898885388060868,-0.008105462869264835,0.014669700035294784,0.00021520009912552777,0.5629834697717088,0.3217869357827404,0.1993906313969941,0.018572061311573452,0.025828135296285838,-0.21901016053010353,1.5424701394989272e-05
multi,0.17,0.7735325219889259,0.7882990959425681,-0.014766573953642226,0.015484782841299926,0.0002397784996422166,0.5975404769767103,0.3989935166575526,0.2508151096601555,0.019643243982578475,0.002935745984503547,-0.21477890669159605,2.2230837595570714e-05
multi,0.171,0.7851404817310521,0.7847486237640384,0.0003918579670136868,0.01402725903333963,0.00019676399598840823,0.5220322709532804,0.24421613273696136,0.14251863328792924,0.01787484981111798,-0.004417709827519649,-0.1358231890312968,1.0433168798592235e-05
multi,0.17200000000000001,0.7843883751861296,0.7841094278723652,0.0002789473137644327,0.014562461579070273,0.00021206528724189788,0.580690464957742,0.33901951146475134,0.1713264728842405,0.018572199159136216,0.073124569725526,0.5507374216181153,1.2127419690878285e-05
multi,0.17300000000000001,0.8057170269305342,0.7815689303967516,0.02414809653378258,0.01465416155881557,0.000214744450991868,0.5380584278375733,0.3311741400498787,0.19431493442270809,0.018749683136912863,0.07613262972191279,0.0986557646181557,1.4504893543720948e-05
multi,0.17400000000000002,0.7886890885331409,0.7800698697348528,0.008619218798288086,0.015100806712616849,0.0002280343633718141,0.575456570097085,0.3066719507219062,0.18211894928916963,0.019358656328614287,-0.13609645824561004,-0.019732988016829385,1.571474196320078e-05
multi,0.17500000000000002,0.7496247411403113,0.7784621607930999,-0.02883741965278863,0.014550517312886488,0.00021171755407260945,0.5533706818201575,0.3326514324445205,0.19036287758286938,0.018690955377058123,-0.029665888167187193,0.11919411992909831,1.4775241186389159e-05
multi,0.17600000000000002,0.7659277354223673,0.7775545823623022,-0.011626846939934987,0.014697516948225343,0.00021601700444337117,0.5909534872254172,0.34849676826475534,0.21485565098493659,0.01890270861275679,0.08094724027044971,-0.061753570814264025,1.4907670008585991e-05
multi,0.17700000000000002,0.7540609760357708,0.7750781509261422,-0.02101717489037136,0.015140924027114094,0.00022924758039484085,0.6032535554289564,0.3461199626820102,0.18290225789630682,0.019534942955299624,0.05096045386022036,0.08148788506704231,1.5591552411201536e-05
multi,0.17800000000000002,0.7752726287469468,0.7744906114420912,0.0007820173048556089,0.014741755735739713,0.00021731936217221474,0.5593000709695936,0.3187558356678531,0.16038003740203619,0.019034318453725982,0.0383291413711998,-0.1747659135004993,1.295173894071365e-05
multi,0.17900000000000002,0.7894271869834587,0.7724940254416304,0.016933161541828334,0.014316139355238566,0.00020495184603861052,0.5742782135965275,0.320218404645892,0.1650874947434006,0.018532449100064942,-0.05687997531349559,0.13006459889031496,1.1956446168303021e-05
multi,0.18000000000000002,0.7752699077850597,0.76976319112696,0.005506716658099653,0.014700687455238446,0.00021611021165660502,0.5773469130894148,0.3726897891104446,0.23419806916801222,0.019097380843515425,-0.08900910589828938,-0.27865851735926667,1.9226749093611134e-05
multi,0.18100000000000002,0.788748923093313,0.7692069297231885,0.019541993370124522,0.014415321808956076,0.00020780150285576468,0.5715722864371983,0.3485199997688502,0.199354083019377,0.018740425411287395,0.12756146929526047,0.05868312037197439,1.4254435676232254e-05
multi,0.18200000000000002,0.8076618032070949,0.7666016586624779,0.04106014454461704,0.0148128002501949,0.00021941905125217413,0.6143019672588118,0.348082705042625,0.2044637293829148,0.01932279388520843,0.06736277062153569,-0.048085842272812956,1.740138840349467e-05
multi,0.18300000000000002,0.7482307992605952,0.7653047223429037,-0.017073923082308484,0.01429797348530894,0.00020443204578659744,0.5673969131541942,0.30786329614898744,0.16216452284656394,0.018682662551309605,-0.08920450493882064,-0.10685333053697885,1.4428314358490573e-05
multi,0.18400000000000002,0.7682369266962827,0.7629865581156601,0.005250368580622666,0.014965220296975048,0.00022395781853699393,0.5867237060233678,0.3228101976972565,0.1767544845823742,0.01961367990845041,0.03573817729749685,0.35134213656562546,1.4258688827406354e-05
multi,0.18500000000000003,0.7746993860718887,0.7597846515736911,0.01491473449819758,0.014663728806375053,0.00021502494250691355,0.5568691257237989,0.2929136628598756,0.1189415552601159,0.019299654631592212,0.09963379305523146,-0.12889001871509753,1.5325210014614772e-05
multi,0.18600000000000003,0.7544795145013605,0.7599650623324744,-0.0054855478311138794,0.014883098294402554,0.00022150661484084821,0.5615319948880301,0.31766947278887675,0.18640856078445914,0.0195839086198725,-0.06785845148639157,0.008408158678247594,1.3915918454924609e-05
multi,0.18700000000000003,0.7691180488328775,0.757722475038261,0.011395573794616531,0.015349067739289972,0.00023559388046531216,0.5963035429346424,0.36924906177332995,0.19985389337807402,0.020256902591562674,-0.07730994117072225,-0.03200386172806376,1.6308130284889414e-05
multi,0.18800000000000003,0.7306506511552834,0.7541975787810331,-0.023546927625749725,0.014457244157373985,0.0002090119086259242,0.5701630803700127,0.305526649006771,0.1822897560703704,0.019169166286368302,-0.05552659838690919,-0.15536269970406935,1.3952090214998394e-05
multi,0.18900000000000003,0.7581260217936943,0.7521122284613176,0.006013793332376616,0.015242715641910362,0.00023234038014013884,0.6109449851929848,0.4183461388370493,0.2704660821898139,0.020266433893301614,-0.0001160238147634162,-0.38586953808601826,1.8962258110725825e-05
multi,0.19000000000000003,0.7500243788986801,0.7507213615377456,-0.0006969826390654799,0.014593834166141418,0.00021297999566883657,0.5971495865121621,0.36839723648310824,0.23869409455867663,0.019439580178639337,0.05031646867484092,-0.06465682011114773,1.6314064512679443e-05
multi,0.19100000000000003,0.7479077185014568,0.7488616422044568,-0.0009539237030000702,0.015070704440482127,0.00022712613233236769,0.5874093967175962,0.33712030417546596,0.1903467927088254,0.020124922234872805,-0.03511629095128157,0.06630483641170917,2.1723164793676367e-05
multi,0.19200000000000003,0.7607688449734004,0.746693645603621,0.014075199369779412,0.01488074136391699,0.00022143646353979006,0.5871885635216064,0.35760208191864135,0.22363705592289376,0.019928515981362725,0.1830489417022205,-0.07626995870297705,1.6921241829609536e-05
multi,0.19300000000000003,0.7472150459815416,0.7452461083498293,0.001968937631712353,0.015235243807334362,0.00023211265386892003,0.5948202768488758,0.3215284524049586,0.13225818466861486,0.02044334776175116,-0.06868802496075348,0.0937608547134681,1.410448136499814e-05
multi,0.19400000000000003,0.7223012325967876,0.7420622930702147,-0.019761060473427072,0.014700440459202747,0.0002161029496945651,0.606120852103435,0.3762000233252439,0.25896799643255913,0.019810515542741405,0.2179368369884551,-0.1300552995405176,2.1819967112941284e-05
multi,0.19500000000000003,0.7283822540347406,0.7427511085658164,-0.014368854531075836,0.015360004538264485,0.00023592973941550556,0.6185524902939032,0.3857858448303783,0.24521098558721005,0.020679858588810492,0.07008737874215427,0.051481413770635295,1.744856557717574e-05
multi,0.19600000000000004,0.7499028132265511,0.739231980168757,0.010670833057794038,0.013784695258246282,0.00019001782336271753,0.5433678708059022,0.2963628890376865,0.15080594215890467,0.01864719179625255,0.05224108255597823,-0.0963849072406128,1.0986009844136724e-05
multi,0.19700000000000004,0.7232767529798109,0.7379021135176721,-0.014625360537861232,0.01600775515136794,0.00025624822498614684,0.615798142255633,0.37928575472180687,0.23510995169498275,0.021693081423271227,0.18902783524184397,0.08229972037923074,1.9988772039072062e-05
multi,0.19800000000000004,0.7573052592776696,0.7352854284360497,0.022019830841619847,0.015443073169439452,0.00023848850891666066,0.6256089592163813,0.40568399855981524,0.2561422061225075,0.02100250009092582,0.055648602682922335,-0.05846194688522983,1.5522439183354565e-05
multi,0.19900000000000004,0.7503140625865009,0.7336555409612205,0.016658521625280365,0.015339411199772593,0.00023529753595570888,0.6360714735125576,0.40585286487011335,0.24085861015027954,0.020908285501834194,-0.05611354750699294,-0.1405164150564348,1.8532102530203286e-05
multi,0.20000000000000004,0.7327757237139924,0.7304250444136525,0.0023506793003398307,0.014864491599329172,0.00022095311050652754,0.6002383166646064,0.32438038476860975,0.17336184944426272,0.02035035656038421,-0.004321584580577096,-0.0823199059420862,1.5663778986617167e-05
multi,0.20100000000000004,0.7445809827458835,0.7300328634085101,0.014548119337373322,0.015906065538065884,0.00025300292090124713,0.6344856178085871,0.41425794310488256,0.2523096105866169,0.021788258830867248,-0.0007522832485432276,-0.16927649021588023,2.3262166772856557e-05
multi,0.20200000000000004,0.7027414730810753,0.72610176810674,-0.023360295025664723,0.015461137121276742,0.00023904676108292165,0.620362352287345,0.3854579946613957,0.23815036354616295,0.021293319106562403,0.07043033892683219,-0.2525657848318843,1.7831597889981938e-05
multi,0.20300000000000004,0.7327854706154834,0.7250796506181417,0.007705819997341656,0.015416679435871336,0.00023767400482841813,0.6542386774436274,0.43246497565219033,0.26478663145128256,0.021261760486898363,0.08241819354417997,0.03876612299452589,2.0877419997409437e-05
multi,0.20400000000000004,0.7245765286550172,0.7239395068882607,0.000637021766756507,0.014371115729944796,0.00020652896732346673,0.6122661917760609,0.3881000898577812,0.24738911897200383,0.019850922971063913,0.03439805593694548,-0.36483385365966614,1.66351831722661e-05
multi,0.20500000000000004,0.7170441432023222,0.7215484142126277,-0.004504271010305483,0.015465768893859536,0.0002391900074782732,0.6130496642472527,0.3786968953687101,0.267712730987668,0.021434391688061015,0.06505850342060482,0.016145475257504156,1.955121314334633e-05
multi,0.20600000000000004,0.722560895492757,0.7175945663298405,0.004966329162916505,0.01553991216874922,0.0002414888702124401,0.6792454216657852,0.46640190341351756,0.3312794274064931,0.02165600853693333,-0.031923603668183594,-0.334506777453421,2.3059160790446696e-05
multi,0.20700000000000005,0.7109966547176062,0.7168520994101557,-0.005855444692549505,0.015852400688945115,0.00025129860760286755,0.6556122889849475,0.42698888500981186,0.2683316694812875,0.022114046885618792,0.1058950751053864,0.08609062608728933,1.9865963444078735e-05
multi,0.20800000000000005,0.6857854378025319,0.712513306824447,-0.02672786902191515,0.015513787284347094,0.00024067759590396957,0.6729559558515444,0.46704484112056316,0.37207005954987604,0.021773667453200446,0.1348679349962303,0.021220027261336264,2.4070639591192974e-05
multi,0.20900000000000005,0.7066053778959371,0.7106777835169064,-0.004072405620969222,0.015262834039264834,0.0002329541029101413,0.6604735871359931,0.4506843016385503,0.2855553016692411,0.02147672306190708,0.1045128869552993,0.047582467786117855,1.7975431068541495e-05
multi,0.21000000000000005,0.7304132349301207,0.7093490678426327,0.02106416708748793,0.015848161593234624,0.00025116422588527707,0.6961764642416419,0.4740715214480685,0.32370085951985367,0.022341920003083268,-0.04089662691241528,0.12904202957809574,2.2754690233486933e-05
multi,0.21100000000000005,0.7193139614797613,0.7078145426910315,0.011499418788729843,0.016155777720693112,0.0002610091537604439,0.6746937877274058,0.46008108091435185,0.31446578494602945,0.02282496669174649,0.07244247369904361,-0.10323421052395124,1.9117970962109258e-05
multi,0.21200000000000005,0.7148069546234597,0.7037332720095079,0.011073682613951807,0.014930728836496265,0.0002229266635889811,0.6451599730548089,0.4187366074895091,0.250207600950969,0.02121681673122673,0.1255195100743686,-0.037514840242199796,1.8552873812594694e-05
multi,0.21300000000000005,0.7081794323106211,0.7014467306273278,0.006732701683293318,0.015780589905463122,0.00024902701776440456,0.6332876422100112,0.40335937337426414,0.2839954729036615,0.02249729205409773,-0.1299082586806006,0.11238856226362882,2.0016725503181436e-05
multi,0.21400000000000005,0.6821732556367134,0.7000803841520779,-0.017907128515364468,0.015634790053261644,0.0002444466600095693,0.6603685504855938,0.43364280028255076,0.25749498705156215,0.022332779038537184,-0.03396125028020539,0.12349655891485815,1.9125420808840723e-05
multi,0.21500000000000005,0.6851682595475216,0.6973878744302163,-0.01221961488269474,0.014805285419777572,0.00021919647636107836,0.6390516975357011,0.39657983365514354,0.25563415210172297,0.021229591738191264,-0.003613698322474455,-0.003992132440607742,1.8911946596077034e-05
multi,0.21600000000000005,0.7072332686387147,0.6959809124632902,0.011252356175424527,0.015245448688627759,0.00023242370571758186,0.656391005655144,0.4511089899752489,0.31040072120753276,0.021904782159340483,-0.14886144038580443,0.16538332555604196,2.3457713693695064e-05
multi,0.21700000000000005,0.6744250296859499,0.6939952087626918,-0.019570179076741967,0.014991624382038231,0.00022474880161212318,0.6621092341184589,0.4281024897748002,0.29005061558778517,0.021601646247900133,0.07070679625510162,-0.02681725334629413,2.3045949631586607e-05
multi,0.21800000000000005,0.6977040961909607,0.691047877746779,0.0066562184441817385,0.015233784906787317,0.0002320682025862611,0.6636578830975374,0.4505666805975583,0.33337508959884293,0.022045088508589966,0.05277481714582135,-0.03785196712405516,1.934670474309932e-05
multi,0.21900000000000006,0.6852250624136895,0.6848016708574394,0.00042339155625015223,0.015394060527932307,0.00023697709953764349,0.6540361337424786,0.44050942434350365,0.3011464292818815,0.022479711621010926,0.07881988149354394,0.022851410757988196,2.091029340742932e-05
multi,0.22000000000000006,0.6610179152910485,0.6839191437549978,-0.022901228463949375,0.015497897195213097,0.000240184817473394,0.670372859295135,0.4467945816173274,0.29379579059324695,0.022660316056645126,0.05677322083771388,0.08805179210543036,2.216245124523356e-05
multi,0.22100000000000006,0.6825575711062336,0.6852234957283214,-0.002665924622087812,0.015407852287602155,0.000237401912116567,0.6683500900298225,0.42571242189049086,0.24063056172424035,0.022485451644643446,-0.05176095246546641,0.1331895783291272,1.7762568970272654e-05
multi,0.22200000000000006,0.690710577415361,0.6801444189750668,0.010566158440294182,0.014983864011161488,0.00022451618070498046,0.6536606983347308,0.4622147784341681,0.30702163121078385,0.02202985950386076,-0.02618870538697578,0.2751742459645119,1.706504057421163e-05
multi,0.22300000000000006,0.681666621315159,0.6793384157627654,0.0023282055523935474,0.01509231045490521,0.00022777783486724112,0.6573297834650316,0.42631353780834247,0.2857000925432814,0.022216882025312575,-0.054089754540402844,0.023062428799772633,1.8261830509353722e-05
multi,0.22400000000000006,0.6723821496857887,0.6757279392729356,-0.00334578958714693,0.01586218540568794,0.0002516089258444194,0.6722048125703316,0.414271437291698,0.23750061383204984,0.023474615231978326,-0.018175889389208808,-0.22396618223597173,2.2065570489198745e-05
multi,0.22500000000000006,0.6884242385842775,0.6712529615445403,0.0171712770397372,0.014285140760551748,0.000204065246548777,0.6450091694479985,0.4355412425093258,0.26867984673719775,0.021281257286156735,-0.017486325393121716,0.07979505137948208,1.6071485580137595e-05
multi,0.22600000000000006,0.6741386240079579,0.6699418609752016,0.00419676303275629,0.01665186179237433,0.000277284501152336,0.7288685315376425,0.5245850138627416,0.37904544003894286,0.02485600575376136,0.012917534820695745,-0.1595735356342087,3.671565396672699e-05
multi,0.22700000000000006,0.6579644969767603,0.6679499016034688,-0.009985404626708494,0.016129260379231597,0.0002601530403810502,0.7075551352916989,0.47263122246928624,0.28650568931019615,0.024147169678856658,0.007222002948657655,0.21200885239210118,2.2308378763986626e-05
multi,0.22800000000000006,0.6695116506654246,0.6633323558037082,0.006179294861716422,0.016811325617377647,0.00028262066901349795,0.7256460847488956,0.536988314913339,0.38916425647027447,0.02534305123381774,0.11494045299163075,0.002353738879782351,2.7421823925103932e-05
multi,0.22900000000000006,0.6436909032674245,0.6614857130976507,-0.017794809830226188,0.015849356091124884,0.0002512020885032774,0.7070847268287226,0.5102126695090932,0.365547063746878,0.023959526866442038,-0.06271854300509257,-0.08147649544760134,2.1694631925422745e-05
multi,0.23000000000000007,0.6839316042421596,0.6599255319015669,0.02400607234059271,0.01609744248655471,0.00025912765460793665,0.732532322113989,0.5194395700605491,0.3667121795063442,0.024392748752938738,0.04078502265285118,0.028329812784164795,2.804201620061373e-05
multi,0.23100000000000007,0.6468797567531288,0.6557558329462013,-0.008876076193072513,0.016462286298955,0.00027100687018876145,0.7403929807458008,0.5537201736082665,0.4226289620086923,0.025104770775464427,-0.0021727067057897335,-0.16579182138511303,3.246650588964764e-05
multi,0.23200000000000007,0.6710938161356695,0.6528125006817526,0.01828131545391698,0.01622548967211989,0.0002632665151000692,0.7212381222056298,0.5086743112338532,0.3661427581096707,0.024855000766656272,-0.1542015996059257,0.35263223788595854,2.7167095382403394e-05
multi,0.23300000000000007,0.6548176677604277,0.6505564043306116,0.004261263429816142,0.015873007838286678,0.0002519523778343103,0.6900913111059845,0.46037805753056543,0.3329342149191383,0.02440041227812393,0.11020291483672086,-0.017320511990588736,2.461980451801558e-05
multi,0.23400000000000007,0.6461696145641513,0.6441014906373468,0.002068123926804555,0.01654149970297305,0.00027362121242345745,0.750505628293591,0.5441930881502102,0.37266929858497627,0.02568165396093092,-0.07372249790820032,0.21943292792132954,2.6662956176569217e-05
multi,0.23500000000000007,0.6330685681934651,0.6404483078586857,-0.007379739665220542,0.01619544865495192,0.000262292557135184,0.7540578452715875,0.5894125918547115,0.4543957270917887,0.02528773828991889,0.1171583269328215,-0.1606498119806568,2.963336723749575e-05
multi,0.23600000000000007,0.6410695566781449,0.6383857743735173,0.0026837823046276243,0.017319207631479473,0.0002999549529822968,0.7572088229008211,0.5754883682156964,0.43778966718599066,0.027129246947352376,0.1476978265363148,0.059284182967187994,3.4025494718059955e-05
multi,0.23700000000000007,0.6270576996117813,0.6364950053640951,-0.00943730575231383,0.01695431394854512,0.0002874487614658316,0.7282333168305185,0.5248349315838094,0.3745385680408997,0.026637865160413412,-0.10660701131658347,-0.19463975997995545,2.9834989557298797e-05
multi,0.23800000000000007,0.6194203877977651,0.6330172063368877,-0.013596818539122646,0.017129007198120154,0.000293402887593252,0.7631630226735456,0.5895789882886474,0.46537324742215086,0.02706005057812872,-0.009512359694793035,-0.14303426017974358,3.1977842480113046e-05
multi,0.23900000000000007,0.6340883810418496,0.6276498299051834,0.0064385511366662485,0.015913707225138983,0.0002532460776474407,0.7371568359139418,0.5259087975157389,0.3771623249520341,0.025355204800170297,0.03197023379660408,-0.11345818115042723,2.362821188428429e-05
multi,0.24000000000000007,0.6211401703542848,0.6238025546405747,-0.002662384286289843,0.016677615661110708,0.0002781428641397251,0.7309749742188653,0.5044145046331783,0.35638312003321526,0.026734178611413802,-0.01564150632634745,-0.05722184793034118,2.7073268640035652e-05
multi,0.24100000000000008,0.6108865987026066,0.6241373601767408,-0.013250761474134176,0.017608330504848967,0.0003100533031679947,0.7862614157246639,0.6153895547441923,0.4692346692921507,0.02821237975916212,0.07840321038422149,-0.07544223838848532,3.617212627592502e-05
multi,0.24200000000000008,0.6155790296421495,0.6160372596912946,-0.0004582300491451363,0.01702535375823293,0.00028986267059297617,0.7650972209762097,0.5943067073774203,0.4687567911862632,0.027637415440176984,-0.08628157681538084,-0.07697393803822235,2.5580564358500903e-05
multi,0.24300000000000008,0.6260467903191046,0.6119423764437809,0.014104413875323685,0.017366729004186617,0.0003016032763048567,0.7641321420040644,0.591488868686089,0.432396173007478,0.02838007987633753,0.06092462412505645,0.009979299643752366,3.635215181741534e-05
multi,0.24400000000000008,0.6096480071379048,0.6084793990857054,0.0011686080521994269,0.016836754334575668,0.0002834762965228525,0.7798679904574625,0.6039878359079653,0.46099970590412026,0.027669379283967354,0.21421419522733615,0.33816182855419413,2.841144341732247e-05
multi,0.24500000000000008,0.5933437456774505,0.6060485580430579,-0.012704812365607387,0.01709112421731003,0.0002921065270115214,0.7670244118534906,0.5912906041241306,0.4450040135951491,0.028200369662261617,-0.11132735673314563,-0.25977793948906547,2.749085667654556e-05
multi,0.24600000000000008,0.6007235934483142,0.5977632930294451,0.0029603004188690774,0.018696838942684497,0.00034957178644868354,0.8236505541855167,0.6924676296078632,0.5750391982548422,0.03127641444139186,-0.01988546776118055,-0.3416671599856261,4.8189211178484526e-05
multi,0.24700000000000008,0.6094300215797586,0.5970808954766554,0.012349126103103125,0.020281801723977172,0.00041135148117072334,0.8435206310614288,0.6948001784717661,0.5725070039457201,0.033968052216612796,-0.008904699255643425,-0.000286738135120556,6.80485285701033e-05
multi,0.24800000000000008,0.6171763985444945,0.5961008912979858,0.02107550724650864,0.019643556146126364,0.0003858692980660188,0.8283149211599746,0.6763154498944133,0.543857701614432,0.03295529373430415,0.0175029015049787,0.028809476797547126,5.6501863205967385e-05
multi,0.24900000000000008,0.5991614069493972,0.5898580955918138,0.009303311357583444,0.018330019835829135,0.0003359896271818895,0.8049887955200734,0.6666631553081028,0.5508548192483483,0.031074903625260053,-0.11503563223738109,-0.1926113354788437,5.056491418228091e-05
multi,0.2500000000000001,0.5857130851804649,0.5822289465508115,0.003484138629653466,0.01983036633968521,0.00039324342916612017,0.839532537638749,0.7055810163059876,0.6059342406207942,0.03405658110356577,-0.15821815136458436,-0.023615775233895644,5.564585088396732e-05
multi,0.2510000000000001,0.5942296958739465,0.5815194259327049,0.012710269941241581,0.02106420556783831,0.0004437007562041504,0.8579994000332506,0.7408259265096221,0.6401628159083824,0.03622226911666675,0.13268193743537063,0.19839519491408128,6.288912898359361e-05
multi,0.2520000000000001,0.5886203464822485,0.5719305713750822,0.016689775107166294,0.019086080546575006,0.0003642784706303488,0.8286535857740046,0.6950779594230359,0.5678098729404968,0.03337064210706874,0.03367791119809094,-0.22012843005378033,4.8147645583996186e-05
multi,0.2530000000000001,0.5409357657073548,0.5648994925860555,-0.023963726878700742,0.020883830370617917,0.00043613437094874326,0.8569571757711418,0.7154114269168679,0.6020622155977462,0.03696641173935928,-0.20218917049641486,0.4464225146540558,7.013387344929643e-05
multi,0.2540000000000001,0.5335360732262223,0.5619316126269457,-0.02839553940072337,0.01929216954287643,0.00037218780567108893,0.8311773437422612,0.6963691164731407,0.5918657725844083,0.034330416048520405,0.015644596798426218,-0.24465954126039768,5.8002135462004005e-05
multi,0.2550000000000001,0.5912585868568669,0.5496668767417482,0.04159171011511875,0.02189867253594451,0.0004795518588365303,0.8881669250267274,0.7782021936426687,0.6849032246962802,0.03984614548264445,-0.21655636431473815,-0.11539188193917843,6.53886777119402e-05
multi,0.2560000000000001,0.5407426369621958,0.5478314137749067,-0.007088776812710917,0.023298465996667128,0.0005428185177978543,0.8953440188004784,0.7940574220734389,0.7054923910546543,0.0425297306307575,-0.1327533297087702,0.049703980185506084,0.00011768945231133176
multi,0.2570000000000001,0.4774423048839872,0.5305205724149069,-0.05307826753091971,0.02485134140145071,0.0006175891694514581,0.9082587850976818,0.8299802992451459,0.7525540116048168,0.046843490384056864,0.17920694549471744,-0.08736817733674215,0.00010496449176738728
multi,0.2580000000000001,0.04365816162152837,0.24575991430339703,-0.20210175268186864,0.23039284362713935,0.053080862394599485,0.999459913483805,0.9988762846837538,0.9980647090606014,0.9295336155384427,0.28570041383452344,-1.8840228870916778,0.0005836157869566402
multi,0.2590000000000001,0.04374587582818224,0.2660575686748504,-0.22231169284666819,0.23244588159329316,0.05403108786968327,0.9993889371227404,0.9985822010638659,0.9976295268702987,0.8666840504018366,0.1175467573816395,-1.9371712934436665,0.000607452604932424
multi,0.2600000000000001,0.044365211192217514,0.04386732775934633,0.0004978834328711809,0.0007237068158936579,5.237515553709369e-07,0.46549456863819133,0.2097542392306775,0.0665109017550413,0.016497771500682358,0.04202874666177161,-0.09051720283284527,2.556594860680482e-08
multi,0.2610000000000001,0.04244004192088771,0.04429660943173054,-0.0018565675108428298,0.011247192803084633,0.00012649934594975877,0.9845363745244557,0.9498393874559051,0.9053587858306696,0.2538452051565691,16.741361117950948,296.27632350278367,3.6530731398093606e-06
multi,0.2620000000000001,0.04255192474067324,0.04339651262239479,-0.0008445878817215438,0.0007151780004808609,5.114795723718024e-07,0.4747328511583525,0.19778528174962753,0.06274592639597902,0.016480016511096818,0.0544445697448723,-0.12645029179129738,2.5459393488219583e-08
multi,0.2630000000000001,0.04350805886877378,0.04324776865687496,0.0002602902118988143,0.0007367558101542953,5.428091237961119e-07,0.5034803896589927,0.23468332531013492,0.08805631211123732,0.017035661982481083,0.2711073698151387,0.27172259155505635,3.069375005087417e-08
multi,0.2640000000000001,0.04195192257377642,0.0428434155180292,-0.0008914929442527808,0.0007149656404062352,5.111758669614981e-07,0.51461038748936,0.2742834950547636,0.1448458302432542,0.01668803844153882,0.12131807899048797,0.051273566584095376,3.209559629789927e-08
multi,0.2650000000000001,0.042481411572635366,0.04265236688147408,-0.00017095530883871196,0.0007445352695303021,5.543327675745596e-07,0.493032740579918,0.238928097963967,0.0997954608443918,0.017455930261266628,-0.06522807737072167,-0.057344143522301876,3.1726463722113806e-08
multi,0.2660000000000001,0.04282120434872872,0.04248200323006293,0.0003392011186657898,0.0007278116511903087,5.297097996083635e-07,0.46356412773319855,0.23462986888058485,0.08836223887724942,0.017132102696594594,0.028846519162603113,-0.11443360101406581,3.163116967007708e-08
multi,0.2670000000000001,0.04194770037184438,0.042267389792388595,-0.0003196894205442155,0.0006884278422113067,4.7393289393171583e-07,0.4792497134500388,0.23699466272680283,0.11103190190317358,0.01628755420723912,-0.015169935214236157,-0.004692248890208902,2.5281631101497598e-08
multi,0.2680000000000001,0.042160195277962116,0.04204010966161066,0.00012008561635145493,0.0006324616187029222,4.000076991323206e-07,0.3845763851690039,0.10271042641178953,0.034327509364661876,0.015044207354274806,0.08300548990901296,-0.0657510171388548,1.7561744895507872e-08
multi,0.26900000000000013,0.041196927407354776,0.041818160672322,-0.0006212332649672206,0.0006785629829945761,4.604477218904974e-07,0.501300093781948,0.24601962717821865,0.09812514135325395,0.016226253808476882,0.19423431869548793,0.41642869578794683,2.5242224771918698e-08
multi,0.27000000000000013,0.04187690220246827,0.04164686392455726,0.00023003827791100856,0.0006590300261645417,4.343205753864365e-07,0.45491615478509706,0.22608558134098045,0.0901584849637568,0.015823976703680256,-0.04993946966654662,0.03682847943895264,2.4736855472601436e-08
k,0.15,0.8088357596146598,0.8092304967946318,-0.0003947371799719601,0.0079090589975509,6.255321422674085e-05,0.45681281857803746,0.251260654086855,0.12459761224881945,0.009773553601659603,-0.032308782949815755,-0.2534275366295362,4.321539171209457e-06
k,0.151,0.8227804184228851,0.8074223754740666,0.015358042948818484,0.008462493902265,7.16138030458723e-05,0.5236280047458093,0.2754174371733485,0.14718479693078315,0.01048087234148035,-0.1630408422995977,0.027082100734167117,5.453371369535788e-06
k,0.152,0.8101054705286952,0.8062806951656105,0.003824775363084676,0.00865385329652535,7.488917687778269e-05,0.5379034074005166,0.27573873280134664,0.13262667511484286,0.010733057819585825,-0.03483921233323855,0.01768129963411962,5.381315663818318e-06
k,0.153,0.7913621314587542,0.804634310610251,-0.01327217915149681,0.008518343763394312,7.256218047135878e-05,0.5325342121877469,0.2706033271075621,0.10988632729971103,0.010586603041828136,0.13307259415867878,-0.07335884589765024,4.329134148829091e-06
k,0.154,0.7988814740279642,0.8030763118570262,-0.004194837829062048,0.008223017658734825,6.761801941586475e-05,0.49665743316808125,0.2624253989837625,0.11984042072930187,0.010239410273340428,0.002245758737134637,-0.1662510012519916,3.936584823126492e-06
k,0.155,0.8160692464122156,0.8016761690981863,0.014393077314029279,0.00846720736006853,7.169360047839867e-05,0.5342438293154461,0.260821044713996,0.1408068952052696,0.01056193022323929,0.043962943436711734,0.23648536393880906,5.2337979453925534e-06
k,0.156,0.8017307493128828,0.799114765210878,0.002615984102004809,0.008355968841817938,6.982221528543222e-05,0.504780209384069,0.2814572110138513,0.135178498044764,0.010456541118956015,0.05497724246794974,0.26597419732797634,5.5715391649226375e-06
k,0.157,0.8059013438365716,0.7970692205162826,0.008832123320289043,0.008319563114245166,6.921513041190871e-05,0.5405684533365587,0.3103990124499889,0.15388956839383033,0.010437759861860706,0.10487530714499367,-0.07746280269789892,3.7952922885631324e-06
k,0.158,0.7998982978724316,0.7970159500861592,0.002882347786272388,0.008627855578576564,7.443989188477473e-05,0.5426975847534194,0.3112475845326551,0.16770870556714054,0.010825052860090731,-0.07767544428266696,-0.10594456792495215,4.411074261259745e-06
k,0.159,0.7797260848800135,0.7944825733160081,-0.014756488435994641,0.008713512083181706,7.59252928237536e-05,0.5391131633024931,0.25295855620208046,0.08748318701949938,0.010967545252717342,-0.2919313990818657,0.5897848482097288,5.24089900242742e-06
k,0.16,0.7935700688060507,0.7932176724797002,0.00035239632635053475,0.00794946800635743,6.319404158410036e-05,0.47535450537351015,0.23990873941826013,0.11874045852620331,0.010021813089233595,-0.06841128598824678,0.16989322608250437,3.7114745140710043e-06
k,0.161,0.797242250381545,0.791788345619577,0.005453904761967943,0.008077253722237193,6.52420276933946e-05,0.4709012990411015,0.25009073079744476,0.12991153481858322,0.01020126844298776,-0.009112151557592858,-0.2663222188164475,3.596100366147311e-06
k,0.162,0.792969382217094,0.7894009258463973,0.003568456370696693,0.008417994741339531,7.086263546522e-05,0.5517254124926559,0.3061197483561986,0.12698831010422967,0.010663704858312613,-0.12616156126995534,0.22561423479749607,4.892178978044628e-06
k,0.163,0.7734391199834325,0.7883549781509934,-0.014915858167560914,0.008220594301881623,6.757817067612861e-05,0.5340068160842224,0.26985496442708173,0.12251322548144984,0.010427461932863653,0.0048075672248882135,0.14178212204202917,4.056102353810434e-06
k,0.164,0.7800759888452663,0.7864755924571041,-0.006399603611837779,0.00808921775722109,6.5435443923741e-05,0.5265859446627699,0.28342689550242967,0.1609772468920524,0.010285375207349986,-0.022671664191616387,-0.04906230751184864,3.5801569330894746e-06
k,0.165,0.7812981235610302,0.7850399742533415,-0.003741850692311255,0.008536625080036973,7.287396775711624e-05,0.5687603066472412,0.31353541206068897,0.18250382578756455,0.010874043074133187,-0.11639811840812261,0.2627790279753283,4.5829681601872355e-06
k,0.166,0.7852623616318453,0.7837365089194998,0.0015258527123455101,0.008129845524936542,6.609438825933073e-05,0.5322780678886826,0.33324326318370223,0.22767243890927102,0.010373250775238865,0.07718270807885333,-0.15863561554666147,4.823676751864403e-06
k,0.167,0.7682036169126714,0.782038968714059,-0.013835351801387619,0.00836593891207061,6.998893388049718e-05,0.5482756093881005,0.2868634979111163,0.16680081626543006,0.010697614126325621,0.03380293085694768,0.08542859869883107,4.3177007202201196e-06
k,0.168,0.7888557791146835,0.779495057932637,0.00936072118204656,0.008487356459836554,7.203521967632928e-05,0.5567009908849839,0.2931473736699723,0.16609264462615256,0.010888316793339146,0.01844002367107119,-0.35721116650919416,5.167364726237377e-06
k,0.169,0.7754237813934098,0.7779325382441149,-0.002508756850705063,0.008248527536281473,6.803820651679371e-05,0.5379209990868743,0.3129285150608369,0.17404588119438236,0.010603230043731534,-0.027361735839370308,-0.05371716373793563,4.514040255971466e-06
k,0.17,0.7852093147003746,0.7768464335202069,0.008362881180167703,0.008320148208433893,6.922486621030573e-05,0.5364933297785074,0.2638871529583377,0.13107736922603658,0.010710125733954268,0.06173243654670675,-0.06128809701523854,4.889711054799143e-06
k,0.171,0.7532786065724322,0.7743879964780455,-0.021109389905613285,0.008229015053257304,6.771668874673532e-05,0.5328369486613618,0.2908015773733634,0.14646687265663394,0.010626502503340839,-0.06494492908904294,0.20934568274566845,4.294728710984164e-06
k,0.17200000000000001,0.7818523259108617,0.7734504584640657,0.008401867446796052,0.008488961712550366,7.206247095714605e-05,0.5562220585111524,0.2709726836142211,0.10754702368817262,0.01097555571098085,0.10879769649574914,-0.1746383130934206,4.491778214988516e-06
k,0.17300000000000001,0.773187480410013,0.7709061496610768,0.0022813307489361057,0.00840288614041587,7.06084954887931e-05,0.6037014305308783,0.35299711537870754,0.22469124762584378,0.010900042090761793,-0.2521440584020254,0.06455747402454892,5.677891300267284e-06
k,0.17400000000000002,0.7728857805961298,0.769434389323617,0.003451391272512816,0.008810497837557416,7.762487214560392e-05,0.6145616224732223,0.4009340608694211,0.23539424595542546,0.011450497421479884,0.003128105743061822,0.15613083399110186,5.9247021497040464e-06
k,0.17500000000000002,0.7741201518901087,0.7682557547837969,0.005864397106311814,0.008487001962667067,7.202920231431466e-05,0.5790080597270513,0.3501252809891039,0.23171649975143588,0.011047214566973848,0.0538414218329935,-0.1441648156234138,4.615442107509931e-06
k,0.17600000000000002,0.7702654827328943,0.7655774921121017,0.004687990620792615,0.00807690570247001,6.523640572659256e-05,0.5549812114869157,0.2975571321003705,0.15160921710252462,0.010550140532479395,0.016058089947095528,0.06855183089018399,3.92404512553114e-06
k,0.17700000000000002,0.7709596477312205,0.764199043855917,0.006760603875303528,0.008291824784737025,6.875435826077921e-05,0.5797761535643563,0.33581166894396774,0.1824293185134659,0.01085047192962762,-0.1391622318486667,0.14417755016004466,4.955889011750915e-06
k,0.17800000000000002,0.764540472725424,0.7625845384659862,0.0019559342594378526,0.007926206397153182,6.282474785027203e-05,0.5552712907279785,0.30755507346595595,0.16203108730215923,0.010393842520559974,0.10286451238350831,-0.05322473673562868,4.225344688362879e-06
k,0.17900000000000002,0.7615977389460917,0.760165201645584,0.0014325373005077413,0.008018174887157524,6.429112852104356e-05,0.5528829926037081,0.29746008060225765,0.16082481783119668,0.010547940521557716,0.06215464780303878,0.15426694768030252,3.926646950319183e-06
k,0.18000000000000002,0.7532936052345606,0.7592031529180888,-0.005909547683528249,0.007958196572560559,6.333289268751462e-05,0.5369600332042185,0.3199089554686433,0.17623806855937582,0.010482276912194565,0.12897758160524608,0.029785252993564392,3.951803020836171e-06
k,0.18100000000000002,0.7491402344087525,0.7572201760919727,-0.008079941683220127,0.008547181111944368,7.305430496037857e-05,0.6162609259497582,0.37546519042122345,0.21269040548055662,0.011287660318587637,0.051676050219727376,-0.013345196053400793,6.448196623726155e-06
k,0.18200000000000002,0.7470241884792291,0.7551421512963553,-0.008117962817126179,0.008056340215072608,6.490461766099616e-05,0.6119081080533817,0.36990494647080446,0.16514545402432126,0.010668692991599114,-0.10055619094098543,-0.2605027580311298,5.42033216872892e-06
k,0.18300000000000002,0.7640251623675617,0.7535864412344196,0.010438721133142037,0.008304445649151577,6.896381753971256e-05,0.593428444038423,0.33433624268715945,0.1805151370815876,0.011019948144816322,0.005157691768168074,-0.0772619333539355,5.57700014864754e-06
k,0.18400000000000002,0.7379527927257391,0.7522309151488595,-0.014278122423120432,0.008667718947304634,7.512935174946375e-05,0.6227798350951493,0.3512513137167408,0.2038727963816532,0.011522699234883025,-0.0038070723215456767,-0.14401046872780213,5.044408502053128e-06
k,0.18500000000000003,0.7360390941313314,0.749947987735569,-0.013908893604237638,0.007770340965489288,6.0378198719960995e-05,0.6084339973416197,0.3864707660099544,0.23910510083394704,0.010361227029246117,-0.011075914982612494,0.08908322422992594,4.348612336924149e-06
k,0.18600000000000003,0.7415427939656611,0.7487602820046059,-0.0072174880389447305,0.008290718726098913,6.873601699528716e-05,0.5782904197014338,0.31983424145446304,0.16970659716960498,0.011072566791759825,-0.05372040305018702,-0.1697597392543131,4.330353973101434e-06
k,0.18700000000000003,0.7456120580263838,0.7463624614595483,-0.0007504034331645704,0.0079950105455679,6.392019362374193e-05,0.6062095028802408,0.3634725428120858,0.219378733566809,0.010712039945649388,-0.021676912555945713,-0.2869285985009995,5.718287338391349e-06
k,0.18800000000000003,0.7468067356801759,0.7435197411988579,0.003286994481317973,0.0085030858782533,7.230246945295069e-05,0.6416636366670928,0.4528235557383616,0.3090099293595149,0.011436519782556621,0.025068269805702436,-0.34552945771887567,6.3134222436172396e-06
k,0.18900000000000003,0.7470525800982862,0.7414600231646966,0.005592556933589621,0.008098999525056756,6.559379330686957e-05,0.602334439431409,0.36401779059944356,0.2013333248395602,0.010923099872826155,-0.0779356788358708,-0.14809535049060446,5.06923840068208e-06
k,0.19000000000000003,0.7357370366175864,0.7404384398954279,-0.0047014032778415205,0.007552967640712974,5.704732018165731e-05,0.6103336861554517,0.3775325745851113,0.21086097502121223,0.010200613666700968,0.0023043210859009134,0.16359411715597064,4.111375735715779e-06
k,0.19100000000000003,0.7329859595835108,0.7377266663235273,-0.004740706740016587,0.008271590098536247,6.841920275820288e-05,0.5945414974123987,0.35987725352624816,0.2215875561837784,0.011212268485769216,0.05947886125443793,-0.11742373146476709,5.05034478702387e-06
k,0.19200000000000003,0.7213212324102006,0.7360712443638897,-0.01475001195368908,0.008529096771587263,7.274549173910025e-05,0.6412416747395873,0.39822083710461403,0.27896878234185735,0.011587421418443732,0.13305028545088488,0.16308673245121202,5.317672030334885e-06
k,0.19300000000000003,0.73385152491744,0.733970354816453,-0.00011882989901301766,0.008364599233109149,6.996652033053016e-05,0.6049854432365929,0.38859263517036,0.27096513706294234,0.011396324760342254,-0.012372293749163918,-0.08972644133083274,4.501201949145736e-06
k,0.19400000000000003,0.7296568502738418,0.7319638774541501,-0.0023070271803083964,0.008094338321141432,6.551831285709871e-05,0.6008694529565068,0.3496159969535422,0.19482141004281858,0.011058469050674122,-0.03071848276638484,0.07975656317955412,5.09940451272107e-06
k,0.19500000000000003,0.7357369001502392,0.7308542214635912,0.004882678686647934,0.008225809165535536,6.766393642780843e-05,0.61097101365315,0.33908850249838746,0.17946485916904062,0.011255077660292238,-0.057626577155611876,-0.2850026247800749,4.714674803162933e-06
k,0.19600000000000004,0.7216274949664748,0.7283118561941689,-0.006684361227694113,0.00760023796883305,5.776361718289153e-05,0.562327107680028,0.3242041987496812,0.1888434100104001,0.010435300569063896,0.09704663852659709,0.4442869837784283,3.8905219991612845e-06
k,0.19700000000000004,0.7298769071352089,0.7269376749944868,0.0029392321407221145,0.008184613087607897,6.698789139384247e-05,0.6315711826281228,0.4246794792744591,0.29938262805264515,0.011259106479840863,0.23386631254504517,0.3058328565056655,5.6513037374404155e-06
k,0.19800000000000004,0.7365630236274859,0.7250884102854994,0.011474613341986517,0.007746409685597412,6.0006863017117406e-05,0.6079408663381077,0.36962997025579764,0.20506653770897088,0.010683407132772773,-0.13209971211302154,-0.0430090603683424,4.411261443313795e-06
k,0.19900000000000004,0.7254500167580484,0.7217424269433423,0.0037075898147060915,0.007935376669653774,6.297020288928543e-05,0.6219179065524683,0.3832261567904332,0.23151125013012522,0.010994702964961012,0.2083976984833512,0.2843830515647742,4.5682864809539014e-06
k,0.20000000000000004,0.721518823311359,0.7199483335696419,0.0015704897417170294,0.007804760018005582,6.09142789386585e-05,0.6148487473215641,0.3857289297154338,0.24465363774148965,0.010840704395969427,-0.043255156002154876,0.0014377957328952993,5.448256901051222e-06
k,0.20100000000000004,0.7105584751830333,0.7178374119154289,-0.007278936732395658,0.008334598308101033,6.946552895740061e-05,0.6697251489784474,0.4686401909048317,0.30937278744454,0.011610832248959925,0.06380922706756674,0.0042313690519778955,6.501966853374418e-06
k,0.20200000000000004,0.7237526319512939,0.7161397003151729,0.007612931636120979,0.00835830295166468,6.986122823180652e-05,0.6811302040925354,0.45002277417217446,0.30574821326739515,0.011671278998688339,-0.06295341331621102,0.0577233422106932,6.8214462155060396e-06
k,0.20300000000000004,0.7220475192291476,0.7143249085917261,0.007722610637421412,0.007979229440379368,6.366810246221684e-05,0.6201682926730473,0.3632960873161219,0.21530680944532363,0.011170340365339737,-0.11034315563212342,0.11152036512564889,6.390291167704858e-06
k,0.20400000000000004,0.7072899359904773,0.7109192559029647,-0.003629319912487383,0.008147155981859312,6.637615059274597e-05,0.6636933227499012,0.43470825836415394,0.3236214855593856,0.011459885079630366,0.1569474346737614,-0.14917763663983422,6.179544306353765e-06
k,0.20500000000000004,0.6966894602461926,0.7088830231723309,-0.012193562926138268,0.007695838151435159,5.9225924853084914e-05,0.6238831666852656,0.3925272028165653,0.24304751247442863,0.010856341586286535,0.011430939144914554,0.05205241338693788,4.184562623697777e-06
k,0.20600000000000004,0.719286897196184,0.7068671646645549,0.01241973253162909,0.007820672695358081,6.116292140791943e-05,0.6298017809084238,0.3873901402495087,0.21682794581771483,0.011063952645470393,-0.012509425442429258,-0.13520591604414647,4.40172395534866e-06
k,0.20700000000000005,0.712323861776554,0.7046193723775837,0.007704489398970393,0.007773055001134735,6.0420384050665714e-05,0.6379712486438586,0.3980115547998956,0.25424940624577463,0.011031505791759467,0.0812713958285612,-0.15523200688472497,4.6986189900698386e-06
k,0.20800000000000005,0.7124478590873808,0.7023138949534359,0.010133964133944962,0.007227205896638615,5.223250507240797e-05,0.6169279532078881,0.3878130617577986,0.2742774065228622,0.010290419763181182,-0.14291061081147752,0.40307491158568637,3.993918072922826e-06
k,0.20900000000000005,0.6985721545037984,0.7005909482923394,-0.0020187937885409735,0.007974812381366528,6.359763251799688e-05,0.6591207137562418,0.42940778243193345,0.25260641463690775,0.01138296469182291,0.06795281437698551,-0.0005661035679019001,5.059371023654341e-06
k,0.21000000000000005,0.6885506474352284,0.6988694005487284,-0.010318753113499946,0.007558149196807711,5.712561928120505e-05,0.6313224938265717,0.3978265076318416,0.25994855191387545,0.010814741276339825,-0.0879276962794421,0.04510336013311776,5.210216936371011e-06
k,0.21100000000000005,0.6959926625349886,0.6963116246174608,-0.00031896208247217395,0.00792200939153642,6.275823279959123e-05,0.6513276475968218,0.4116234585224125,0.284090921901385,0.011376986177382226,0.06699857986089086,0.5569055823441397,4.33026677720381e-06
k,0.21200000000000005,0.6789238122883354,0.6926901879135239,-0.013766375625188454,0.007584996191683817,5.7532167227858017e-05,0.6394138357844162,0.41546734761447507,0.28008436598148423,0.010950092677377512,0.02538159713343728,0.07593959409361363,4.626499238027061e-06
k,0.21300000000000005,0.6962905052258521,0.691344694710545,0.00494581051530707,0.007286903134028094,5.309895728470846e-05,0.6086442885443244,0.3623769706965945,0.22083491072961012,0.010540150203818831,-0.03374388418997484,-0.10774698568352313,3.888390542223882e-06
k,0.21400000000000005,0.6911473853947927,0.6892877078469566,0.0018596775478361138,0.007850490010859917,6.163019341061134e-05,0.6699668520982889,0.45108737767009593,0.28271127435979637,0.011389346964372273,0.02113318224311778,0.19689352134117938,5.054268496610194e-06
k,0.21500000000000005,0.6904609961497382,0.6854074849636161,0.005053511186122073,0.007697780202145807,5.925582004054794e-05,0.655052927175377,0.40123287579434586,0.2520568819708364,0.011230966172656781,-0.014626861276290884,0.07269239570146595,5.227051475368407e-06
k,0.21600000000000005,0.6823726492131105,0.6833499919478513,-0.000977342734740816,0.0076574008046905095,5.8635787083674864e-05,0.6570161597454068,0.4000452560988614,0.22538940879889896,0.011205800335245191,-0.02836896204171231,-0.16696095515765402,3.834640634826312e-06
k,0.21700000000000005,0.677981785372872,0.6804079449234003,-0.002426159550528273,0.007974184021176884,6.358761080359272e-05,0.6780339659345124,0.4457649839702772,0.3212665749288797,0.01171971129470605,0.18023900078134916,-0.04278687717837102,6.185299784608442e-06
k,0.21800000000000005,0.6842085222481689,0.6790230769260681,0.005185445322100746,0.007427500697665954,5.5167766613828234e-05,0.6558972215366788,0.4374369392934453,0.25971242177270887,0.010938533354645745,-0.04241248348191639,-0.17418619751879727,5.252681123965612e-06
k,0.21900000000000006,0.6625200529629021,0.675394012643683,-0.012873959680780978,0.0074102538906072315,5.4911862723259615e-05,0.6444833319572923,0.4464031023607186,0.3289037237956722,0.01097158063142977,-0.09989545820868174,-0.18246566249941132,4.0517999590167885e-06
k,0.22000000000000006,0.673500583610311,0.6739072159120846,-0.00040663230177362397,0.007589867092742353,5.760608248549325e-05,0.6469799401040781,0.42149357538235116,0.31013072929351404,0.011262596788010759,0.13199915473765994,0.17857688660168555,4.083917053769007e-06
k,0.22100000000000006,0.6666426063507087,0.67111632100357,-0.0044737146528612826,0.007440865947499279,5.5366486048654346e-05,0.6641034339548616,0.4427810496216883,0.28236405759965666,0.01108723767411875,-0.12140427218437644,-0.012603201004621568,4.254796356195528e-06
k,0.22200000000000006,0.6730300843345006,0.6679732022702195,0.005056882064281121,0.007531348323567092,5.6721207570896846e-05,0.6941274158422052,0.46503048667958263,0.3262362098715817,0.011274871723004383,-0.16949870806564074,-0.12309307072539585,5.9663530211302355e-06
k,0.22300000000000006,0.6617906586366447,0.6651602567600687,-0.003369598123424078,0.007432870357571975,5.524756175247214e-05,0.6475748034734502,0.4268924374610441,0.28812210986458464,0.011174706139493003,0.023846895311738326,0.006443500637681672,5.145103255651214e-06
k,0.22400000000000006,0.6715365124695244,0.6613406430880376,0.010195869381486755,0.007504502852146197,5.631756305787041e-05,0.6966727077332743,0.4869300527290377,0.33539133710859925,0.011347463261280642,0.05668907166628527,-0.35377725520367387,5.296040429936232e-06
k,0.22500000000000006,0.6701443399717795,0.6599755931951788,0.010168746776600623,0.007672781549604318,5.887157670794844e-05,0.7045559214405042,0.4869760013592871,0.31676836590836654,0.011626032919434528,0.06024096892547832,-0.14687222224740398,6.627250937043702e-06
k,0.22600000000000006,0.6711711552651966,0.6574039748158108,0.01376718044938574,0.007484224102717601,5.601361041969909e-05,0.6964972515405994,0.4956449609034961,0.34477345607527216,0.01138452287657586,0.008616950725668093,-0.10776900670816374,4.795436456778989e-06
k,0.22700000000000006,0.6552514529401766,0.6533200181522105,0.001931434787966091,0.007644649818512053,5.844067084767637e-05,0.7072321987909574,0.4931284377135979,0.3444631757357587,0.011701185770158011,0.13450997452432603,-0.06332084522556888,5.859069645892962e-06
k,0.22800000000000006,0.6577984327232349,0.6519589533529087,0.00583947937032625,0.0073319541484397404,5.375755163482272e-05,0.7040210476439723,0.5036346523674775,0.376043846324622,0.011246131191241175,-0.1896383624915324,0.0011749714298765362,6.3096206909324655e-06
k,0.22900000000000006,0.6461012293090724,0.6474424712178988,-0.0013412419088263405,0.0071310815095929,5.085232349645775e-05,0.6794599635389522,0.46198600132472617,0.31148058297449677,0.011014366821377438,0.0453652548862255,-0.2482738562158914,4.208444694165968e-06
k,0.23000000000000007,0.6524083458383927,0.6459643430219792,0.006444002816413441,0.008280732640975976,6.857053307132496e-05,0.747423455511333,0.5560293360068267,0.40256476108244466,0.01281926231660822,0.06168743142222744,-0.198121709083269,7.620977716984317e-06
k,0.23100000000000007,0.6443993897179652,0.6413884579875565,0.0030109317304086725,0.007650502114869234,5.853018260961862e-05,0.740193300412821,0.5263477334316072,0.38160584198586134,0.011927929938705393,0.0912475343753567,-0.03596577452132196,6.145168357491427e-06
k,0.23200000000000007,0.6368900350590324,0.6383639420451044,-0.0014739069860719711,0.007572463084016816,5.734219715879746e-05,0.7532134824023716,0.5826173868171759,0.4584786118006046,0.011862076423819621,0.0033829693207075868,-0.14089250916133728,5.336393212088085e-06
k,0.23300000000000007,0.6303702999500569,0.635521830703686,-0.005151530753629063,0.007891519886476933,6.227608611866092e-05,0.7326236599171566,0.5306172815481311,0.3808104891036487,0.012417432168079553,-0.05737905793596863,-0.10074878267167067,6.9321401350735586e-06
k,0.23400000000000007,0.6342364876079538,0.6332930967625171,0.000943390845436709,0.0075963416996125115,5.7704407217271895e-05,0.724317522145506,0.5380508021569671,0.39817310944387474,0.011995169859229673,0.06340840114158802,-0.06876443106075253,5.740869612108339e-06
k,0.23500000000000007,0.6268624576146283,0.6295265265365918,-0.0026640689219634694,0.007921625443929357,6.275214967390897e-05,0.7689840965297392,0.6050825347683236,0.4681486091494769,0.01258364391966395,-0.00016679691500700255,0.13484847551391768,6.789466387801946e-06
k,0.23600000000000007,0.6358826459222708,0.6263257380419622,0.009556907880308607,0.008389394070613197,7.038193287203989e-05,0.7787578934955741,0.5870616712428605,0.4509421927618244,0.013394761773217875,0.10138065901161497,0.0696059210568846,9.326521790454772e-06
k,0.23700000000000007,0.6163252671269704,0.6226191323326579,-0.006293865205687421,0.008106618527688304,6.571726395345929e-05,0.7901622922905995,0.6263248795705331,0.5071687323737496,0.013020279948194893,0.08892027879653469,-0.2508858045312775,7.0867752063044615e-06
k,0.23800000000000007,0.6129057327833592,0.6175660325446748,-0.004660299761315545,0.007661370350831649,5.869659565260227e-05,0.767326066540435,0.5886398301273879,0.45203531024030924,0.01240579131946936,0.08300804579220782,-0.15226097928169235,6.222264282343017e-06
k,0.23900000000000007,0.6041549390587277,0.6146504531841714,-0.010495514125443695,0.00708964884701558,5.0263120773989344e-05,0.7075388935542755,0.48283336475828703,0.3446284822038759,0.011534414281149293,-0.10417485720622556,-0.014666079479905145,5.583299690978493e-06
k,0.24000000000000007,0.5986386715306264,0.610520687565761,-0.011882016035134613,0.007874058679187836,6.20008000832933e-05,0.7718323108306749,0.5634433875813987,0.4210852349848026,0.012897335126393399,-0.12614900579800373,-0.06149591674418831,7.03633618847849e-06
k,0.24100000000000008,0.601603403183083,0.6072493670182015,-0.005645963835118506,0.007089847057245067,5.0265931295126534e-05,0.741562420328018,0.5648762510068436,0.43688290364050536,0.011675302204641691,-0.06869503411490821,-0.276082341846661,5.589887097466279e-06
k,0.24200000000000008,0.6023378476591041,0.6024556788590434,-0.00011783119993924451,0.008318007116697695,6.918924239343351e-05,0.8127149418470904,0.6314597598542574,0.4888244758984883,0.013806826915658963,-0.06558600122431832,0.24517079110640705,8.846156730847755e-06
k,0.24300000000000008,0.5967825807843753,0.5994383552145421,-0.0026557744301668462,0.008193650934194665,6.713591563142909e-05,0.8051365996732506,0.6304942159019175,0.48679982953389095,0.0136688238172624,0.08709919591760745,-0.24183722233632501,7.14121068655404e-06
k,0.24400000000000008,0.5952411560327376,0.5942860037263348,0.0009551523064028622,0.007751153998224394,6.008038830419001e-05,0.807043308741453,0.6527451498953648,0.5177004593764656,0.013042731893685077,0.15391861090587292,-0.040501154313358774,6.8928526860183054e-06
k,0.24500000000000008,0.599095506207731,0.5905337918596586,0.008561714348072402,0.0072278926077916405,5.2242431549769036e-05,0.7704046250047603,0.5882049705976851,0.44928430350963816,0.012239550874984044,0.20091439267405478,0.46887619904049954,6.124364477927311e-06
k,0.24600000000000008,0.5924508529173999,0.5855757497605237,0.006875103156876117,0.007415829593996206,5.499452856718993e-05,0.7975097242425365,0.6327662024572216,0.49696781585015004,0.012664321041688877,-0.050700644512091234,0.2039190875602983,7.178232237273349e-06
k,0.24700000000000008,0.5816318708286753,0.5817416481457485,-0.00010977731707317862,0.007186362574866937,5.164380705744815e-05,0.7811774874742106,0.5883274533720891,0.43565745772715786,0.012353099077906797,0.0394283366009399,-0.0607583096962182,5.214158895883493e-06
k,0.24800000000000008,0.5803720329699795,0.576480714533871,0.0038913184361085706,0.007667797236557975,5.8795114460966125e-05,0.8124193154250805,0.6802720547759517,0.5683796566848972,0.013301211741735371,-0.020372813841161935,-0.2235310453718975,8.467034851394229e-06
k,0.24900000000000008,0.5820758346047471,0.5721484834842209,0.009927351120526229,0.00878985259501473,7.726150864208717e-05,0.870902294484374,0.7777812908258644,0.7005132037603616,0.015362909271642895,-0.058179090258863364,-0.22917414828113722,1.3951085998259885e-05
k,0.2500000000000001,0.5700530008446905,0.5642836621345309,0.0057693387101596105,0.008135268488131678,6.618259337398829e-05,0.8452119688547677,0.7111032841636902,0.5960877631288759,0.01441673657988662,0.3754294128585096,0.7388901024798926,1.0591406585811401e-05
k,0.2510000000000001,0.5538956921208352,0.5597047487578006,-0.005809056636965404,0.007802137384581505,6.087334776788433e-05,0.8272601519577382,0.6914478960591196,0.5876618871984204,0.013939462985253954,0.03998732987518159,-0.06022466003385818,8.028582689477533e-06
k,0.2520000000000001,0.5424275611814099,0.5521977977778583,-0.009770236596448378,0.007670857329144345,5.884205216408751e-05,0.8495177030521518,0.7343604186424751,0.6465366495132233,0.013891388633925727,-0.049447175158955754,-0.24503814849057018,9.49905196601391e-06
k,0.2530000000000001,0.547028109953861,0.5465936994666132,0.00043441048724779385,0.008354977645637323,6.980565145909937e-05,0.8691369638746737,0.7512876571767021,0.6423054944285622,0.01528596653556201,-0.24928247088786826,-0.05375069844883931,1.0947267036726175e-05
k,0.2540000000000001,0.5395012302337935,0.5396161651635332,-0.00011493492973968511,0.008721022115459645,7.605622673833623e-05,0.8834541668012008,0.7697522312545892,0.6674492346034737,0.01616141874261105,0.1257884394852846,-0.2594533125603558,1.2827721302110877e-05
k,0.2550000000000001,0.5260567132602759,0.5301416904519523,-0.004084977191676331,0.009040542485500297,8.173140843213588e-05,0.9025026097655269,0.818465519617969,0.7340835471324995,0.017053214881999245,0.09377827043374667,-0.03317497710517728,1.3532298254057804e-05
k,0.2560000000000001,0.5278515154493597,0.5195171894948095,0.008334325954550192,0.008913934778807052,7.945823324082593e-05,0.9024045856027262,0.8168646259330045,0.7349666686425984,0.017157611119451154,-0.2574472629344605,0.6504302326975276,1.4751563885723681e-05
k,0.2570000000000001,0.504281261906195,0.5042446851026273,3.657680356772275e-05,0.010036126689992694,0.00010072383893758373,0.9319119710432237,0.8694208058028331,0.8151274666394938,0.019902873349306464,-0.2858986093166212,0.23941379228989537,1.4987902086515667e-05
k,0.2580000000000001,0.04423149533358815,0.08584052611745498,-0.041609030783866824,0.12311302954595124,0.015156818043982263,0.9996221727188767,0.9985873070501369,0.9969611277700198,1.4243532045083243,2.6356252801566717,5.047334984643105,0.00037456661493043644
k,0.2590000000000001,0.04404501051840999,0.044050351440284144,-5.340921874152915e-06,2.3653624438859566e-05,5.594939490946145e-10,0.4497552024081555,0.21940834585275162,0.1002687564043563,0.0005369679664218039,-0.06587879513583478,-0.055699263875816245,3.2605919888135217e-11
k,0.2600000000000001,0.043809747654047146,0.043814552272157005,-4.804618109859049e-06,2.3546550670373024e-05,5.544400484724442e-10,0.4555394712761909,0.1739060846560059,0.024237794167168362,0.0005374138389441985,-0.13295463768867535,0.25976628305491567,2.376887774490395e-11
k,0.2610000000000001,0.04353100140728608,0.04358443262282832,-5.343121554224339e-05,2.4070895262173675e-05,5.794079987225351e-10,0.5082587867524302,0.2606376189032879,0.11717659699135487,0.0005522817980905139,-0.12371172272134497,-0.13037773018870322,3.163595011868973e-11
k,0.2620000000000001,0.04335241841226953,0.04335556020109782,-3.1417888282925244e-06,2.3332203160507002e-05,5.443917043231729e-10,0.48772854387209014,0.20212887326369403,0.09074175599987505,0.0005381592710357778,0.10312610224972293,-0.009964366934149278,2.884869924475118e-11
k,0.2630000000000001,0.0431559205180621,0.04313159600066599,2.4324517396111245e-05,2.1940539368476203e-05,4.813872677796541e-10,0.4691711751157238,0.2394435279881327,0.09814222261225881,0.0005086882438267277,-0.07635509115430596,-0.1694987053959143,2.609635218709788e-11
k,0.2640000000000001,0.04292898860039084,0.04291036638472364,1.8622215667202235e-05,2.2770391887216953e-05,5.184907466974356e-10,0.46264704873792695,0.19189287796322538,0.0492737351755031,0.0005306499927958165,0.01551308596647087,-0.19136304041929553,3.04728824580751e-11
k,0.2650000000000001,0.04275943171622012,0.042688317275955276,7.111444026484254e-05,2.2566415089529833e-05,5.092430899929598e-10,0.47398257717810255,0.20117334608771764,0.06590193560570308,0.0005286320422812454,-0.04137142184276635,0.08415110140832814,2.6987234342321715e-11
k,0.2660000000000001,0.0424291205287648,0.04247013590753299,-4.1015378768195776e-05,2.2575215215123175e-05,5.096403420091288e-10,0.4886729395864866,0.25759047332680174,0.1428724831180556,0.0005315554944939733,-0.03777229936770822,0.0005519989720248075,3.101360542193912e-11
k,0.2670000000000001,0.042277661282784304,0.04225710047706105,2.0560805723254805e-05,2.1054142027538146e-05,4.4327689651574805e-10,0.4670295587298204,0.24320465134653435,0.13446361352755903,0.0004982392543578534,-0.05903798003742051,0.09739932403604881,2.1920494470679072e-11
k,0.2680000000000001,0.04202153200913505,0.04204631869819088,-2.478668905583209e-05,2.259338713733329e-05,5.104611423374174e-10,0.4878520848480436,0.23775940905961337,0.16322903761750907,0.0005373451936208589,-0.08733748400436953,0.17545853081873602,3.140296767686834e-11
k,0.26900000000000013,0.04184976508967196,0.041834843869237276,1.4921220434685467e-05,2.236363883577972e-05,5.001323419771948e-10,0.501609205257562,0.2532772467233883,0.1422652064627381,0.0005345695864409556,-0.03730983764918657,-0.17667912139651143,2.8057568788579744e-11
k,0.27000000000000013,0.04162777365862091,0.04162837788446255,-6.042258416452673e-07,2.0712075907476198e-05,4.28990088397056e-10,0.46353027242642014,0.19988445799379126,0.12497637874229162,0.0004975470787293239,-0.10149499506245051,-0.0877629048635647,2.7787353077966447e-11
